10.910629,43.84161,"""Barco Reale>0039 057388332, Barco Reale, Via Nardini 11, Lamporecchio (Pistoia) Lamporecchio, 51035, Italy"""
18.010031,40.072905,"""La Masseria>0039 0833 202295, La Masseria, Tenuta di Torre Sabae, Gallipoli 73014, Italy"""
12.399548,46.667839,"""Caravan Park Sexten>0039 0474 710444, Caravan Park Sexten, Via San Giuseppe 54, Sesto, 39030, Italy"""
11.37388,44.52333,"""Citta di Bologna>0039 0513 250 16, Citta di Bologna, Via Romita 12, Bologna, 40127, Italy"""
10.54333,45.52555,"""Fontanelle>0039 0365502079, 0033 565 61 01 07, Fontanelle, Via del Magone 13, Moniga del Garda, 25080, Italy"""
10.56583,45.585,"""Fornella>0039 0365 62 294, Fornella, Via Fornella 1, San Felice del Benaco, 25010, Italy"""
12.57679,42.1516,"""I Pini>0039 07654 53349, I Pini, Via Delle Sassette 28, Fiano Romano (Roma), 65, Italy"""
9.39302,46.17152,"""La Riva>0039 0344 94571, La Riva, Via Poncione 3, Sorico (Como), 22010, Italy"""
-1.2354,49.4665,"""Le Cormoran>0033 233 41 33 94, Le Cormoran, 2 Le Cormoran, Ravenoville Plage, 50480, France"""
-1.84194,49.49444,"""Le Grand Large>0033 233 52 40 75, Le Grand Large, 11 Route de Grand Large, Les Pieux, 50340, France"""
-0.191499,49.283176,"""Le Point du Jour>0033 (0) 231 24 23 34, Le Point du Jour, Route de Cabourg, Merville-Franceville-Plage, 14810, France"""
-0.77126,49.34673,"""Port�Land>0033 231 51 07 06, Port�Land, Chemin du Castel, Port-en-Bessin-Huppain, 14520, France"""
0.48651,49.36673,"""Risle-Seine les Etangs>0033 232 42 46 65, Risle-Seine les Etangs, 19 Route des Etangs, Toutainville, Pont-Audemer, 27500, France"""
-0.254969,49.268901,"""Riva Bella>0033 2 31 97 12 66, Riva Bella, Rue de la Haie Breton, Ouistreham, 14150, France"""
0.79472,45.55138,"""Ch�teau le Verdoyer>0033 553 56 94 64, Ch�teau le Verdoyer, Champs Romain, 24470, France"""
-1.684531,43.334025,"""Col d�Ibardin>0033 55 95 43 121, Col d�Ibardin, 220 Route d�Olhette, Urrugne, 64122, France"""
3.0354,42.7077,"""Le Brasilia>0033 468 80 23 82, Le Brasilia, 2 Avenue Anneaux du Roussillon, Canet-en-Roussillon, 66140, France"""
3.361178,43.311842,"""Domaine de la Dragonni�re>0033 467 01 03 10, Domaine de la Dragonni�re, Rd 612, Vias 34450, France"""
12.81602,47.283359,"""Sportcamp Woferlgut>0043 654 57 30 30, Sportcamp Woferlgut, Kroessenbach 40, Bruck, 5671, Austria"""
13.97463,46.66388,"""Terrassen Camping Ossiacher See>0043 42 43 436, Terrassen Camping Ossiacher See, Ostriach 67, Ossiach, 9570, Austria"""
2.77037,51.131198,"""Kompas Camping Nieuwpoort>32 (0) 58-23 60 37, Kompas Camping Nieuwpoort, Brugse Steenweg 49, Nieuwpoort, 8620, Belgium"""
13.5375119,45.3748966,"""Camping Park Umag>385 52 713 740, Camping Park Umag, Ladin gaj 132a, Umag, 52470, Croatia"""
13.5890571,45.196111,"""Camping Zelena Laguna>000 00 000 000, Camping Zelena Laguna, Camping Zelena Laguna, Pore?, 52440, Croatia"""
0.05284,47.219205,"""L'isle Verte>0033 (0)2 41 51 76 60, L'isle Verte, Le Camping de l'Isle Verte L'Avenue de la Loire Montsoreau, 49730, """
-4.859389,37.622631,"""La Campi�a>0034 957 315 303, La Campi�a, Ctra A-379 km 47.3, La Guijarrosa, C�rdoba, 14547, Spain"""
-6.095471,36.293164,"""La Rosaleda>0034 956 44 33 27, La Rosaleda, Carretera del Pradillo, K.m 1300, Conil de la Frontera, 11140, Spain"""
0.97478,41.03807,"""La Torre del Sol>0034 977 81 04 86, La Torre del Sol, CTRA Nac 340 km 1136, Mont-Roig del Camp, Tarragona, 43300, Spain"""
3.10403,42.1818,"""L'Amfora>0034 972 52 05 40, L'Amfora, Avenida Josep Taradellas 2, Girona, Sant Pere Pescador, 17470, Spain"""
-3.53636,43.49011,"""Playa Joyel>0034 942 630 081, Playa Joyel, Playa de Ris, Noja, 39180, Spain"""
-5.61447,40.947779,"""Regio>0034 923 13 88 88, Regio, Ctra. Salamanca-Madrid, km 4, Santa Marta de Tormes, Salamanca, 37900, Spain"""
0.30652,40.27011,"""Ribamar>0034 964 761 163, Ribamar, Partida Ribamar sn, Alcossebre, 12579, Spain"""
7.65944,46.2977,"""Gemmi>0041 27 473 11 54, Gemmi, Briannenstrasse 8, Susten, CH-3952, Switzerland"""
-0.605999,49.243008,"""Le Ch�teau de Martragny>0033 2 31 80 21 40, Le Chateau de Martragny, 52 Voie Communale Hameau de Saint-L�ger, Martragny, 14740, France"""
-1.514466,48.55791,"""Haliotis>0033 2 33 68 11 59, Haliotis, Boulevard Patton, Pontorson, 50170, France"""
0.3923,49.2086,"""Huttopia Calvados-Normandie>0033 231 63 63 08, Huttopia Calvados-Normandie, Le Val Sery, Moyaux, 14590, France"""
-0.390204,49.325653,"""La C�te de Nacre>0033 2 31 97 14 45, La C�te de Nacre, 17 rue du Major General James Moulton, St Aubin sur Mer, 14750, France"""
0.275922,49.698161,"""L'Aiguille Creuse>0033 2 35 29 52 10, L'Aiguille Creuse, Residence l'Aiguille Creuse, Les Loges, 76790, France"""
0.30233,49.22629,"""Le Br�vedent>0033 231 64 72 88, Le Br�vedent, Route du Pin, Le Brevedent, 14130, France"""
1.0710059,45.001829,"""Le Paradis - St L�on>0033(0 )553507264, Le Paradis - St L�on, La Reybeyrolle, St Leon sur Vezere, 24290, France"""
-0.762203,43.320256,"""Beau Rivage>0033 559 66 10 00, Beau Rivage, Allee des Marronniers, Navarrenx, 64190, France"""
6.490084,44.8441523,"""Huttopia Vallouise>0033 492 23 30 26, Huttopia Vallouise, Chemin des Chambonettes, Vallouise, 5290, France"""
7.12555,43.61972,"""La Vieille Ferme>0033 493 33 41 44, La Vieille Ferme, 296 Bd des Groules, Villeneuve Loubet, 6270, France"""
4.09980219,43.7666294,"""Domaine de Massereau>0033 4 66 53 11 20, Domaine de Massereau, 1990 Route d'Aubais, Sommieres, 30250, France"""
4.160167,43.564057,"""La Petite Camargue>0033 466 53 98 98, La Petite Camargue, D62, Aigues-Mortes, 30220, France"""
2.96514,42.5757,"""Le Haras>0033 468 22 14 50, Le Haras, Domaine Sant Galdric, 1 Ter Avenue Joliot Curie, Palau de Vidre, 66690, France"""
4.0959,43.8785,"""Le Mas De Reilhe>0033 466 77 82 12, Le Mas De Reilhe, Crespian, 30260, France"""
3.070141,42.534911,"""Les Criques de Porteils>0033 (0) 468 81 12 73, Les Criques de Porteils, Corniche de Collioure, Route de la Corniche, Argeles-sur-Mer, 66700, France"""
7.717257,48.575364,"""Camping de Strasbourg>0033 388 30 19 96, Camping de Strasbourg, 9 Rue de l'Auberge-de-Jeunesse, Strasbourg, 67200, France"""
0.34012,48.104591,"""Chanteloup>0033 2 43 27 51 07, Chanteloup, Chateau De Chanteloup, Chanteloup, Sille le Philippe, 72460, France"""
-1.711072,46.641454,"""Ch�teau La For�t St Julien des Landes>0033 251 46 62 11 Ch�teau La For�t St Julien des Landes, 3 rue de la Foret, Route de Martinet, Saint Julien des Landes, 85150, France"""
-0.126713,48.203533,"""Huttopia Lac de Sill� >0033 243 20 16 12, Huttopia Lac de Sill� Sill� Plage, Sill�-le-Guillaume, 72140, France"""
-0.1412,47.2944,"""Huttopia Saumur>0033 241 67 95 34, Huttopia Saumur, Route De Chantepie, Saumur, 49000, France"""
-1.74999,46.65292,"""La Guyonni�re>0033 251 46 62 59, La Guyonni�re, La Guyonni�re, Saint Julien des Landes, 85150, France"""
-1.568,46.4274,"""La Mouette Cendr�e>0033 251 33 59 04, La Mouette Cendr�e, CD 19 Les Malecots, St Vincent sur Jard, 85520, France"""
-1.85861,46.63583,"""La Tr�villi�re>0033 251 33 05 05, La Tr�villi�re, Route de Bellevue, Bretignolles sur Mer, 85470, France"""
-0.43433,47.35925,"""Le Domaine de L'Etang>0033 241 91 70 61, Le Domaine de L'Etang, Route de St. Mathurin, Brissac-Quince, 49320, France"""
14.47455,49.95147,"""Oase Praha>00420 241 932 044, Oase Praha, Zlatnicky, Libenska, 25241, Czech Republic"""
3.10445,51.18448,"""Klein Strand>0032 508 11 440, Klein Strand, Varsenareweg 29, Jabbeke, 8490, Belgium"""
-4.289666,43.227109,"""El Molino de Cab�erniga>0034 942 706 259, El Molino de Cab�erniga, Sope�a, Cab�erniga, 39510, Spain"""
-6.11268,36.310889,"""Roche>0034 956 44 22 16, Roche, Carril de Pilahito, Cadiz, Conil de la Frontera, 11140, Spain"""
-2.079081,36.803321,"""Los Escullos>0034 950 389 811, Los Escullos, Paraje Los Escullos S/N, Nijar, 4118, Spain"""
-8.72022,41.268487,"""Angeiras>00 351 229 270 571, Angeiras, Rua de Angeiras, Angeiras, Lavra, 4455-039, Portugal"""
7.745345,43.802393,"""Villaggio dei Fiori>0039 (0)184 660635, Villaggio dei Fiori, Villaggio dei Fiori, Via Tiro a Volo 3, Sanremo, 18038, Italy"""
-4.74294,36.48881,"""Cabopino>0034 952 834 373, Cabopino, Carretera N340, Km 194,7, Marbella, Malaga, 29604, Spain"""
-5.680494,36.069315,"""Valdevaqueros>0034 956 68 41 74, Valdevaqueros, N-340km, 75.5, Tarifa, C�diz, 11380, Spain"""
-0.510422,39.874918,"""Altomira>0034 964 713 211, Altomira, A23 Sagunto Teruel, Salida KM. 33 Carretera CV-213 Navajas KM. 1, Navajas, Castell�n, 12470, Spain"""
-3.907495,40.381398,"""Arco Iris>00 34 91 616 03 87, Arco Iris, Crta. de Boadilla del Monte a Villaviciosa de Odon, Villaviciosa de Odon, 28670, Spain"""
-2.24611,36.80083,"""Cabo de Gata>0034 950 160 443, Cabo de Gata, Ctra. Cabo de Gata s/n, Almeria, Cabo de Gata, 4150, Spain"""
3.18196,41.98591,"""Cypsela>0034 972 667 696, Cypsela, C/Rodors, 7, Girona, 17256 Pals, Spain"""
-4.650628,39.323068,"""El Mirador de Caba�eros>00 34 926 775 439, El Mirador de Caba�eros, Canada Real Segoviana, s/n, Horcajo de los Montes, 13110, Spain"""
-6.490626,37.141546,"""La Aldea>0034 959 442 677, La Aldea, Ctra El Rocio, km 25, Apartado de Correos no 1, El Rocio, 21750, Spain"""
3.2617,43.23675,"""Le Domaine de la Yole Valras-Plage>0033 467 37 33 87, Le Domaine de la Yole Valras-Plage, Avenue de la Mediterranee, Vendres, Valras-Plage, 34350, France"""
2.9985,42.70114,"""Ma Prairie>0033 468 73 26 17, Ma Prairie, 1 Avenue Des Coteaux, Canet en Roussillon, 66140, France"""
7.386363,48.07914,"""Camping de l'Ill Colmar>0033 389 41 15 94, Camping de l'Ill Colmar, 1 all�e du camping, Horbourg - Wihr 68180, France"""
6.89006,48.16826,"""Au Clos de la Chaume>0033 329 50 76 76, Au Clos de la Chaume, 21 Rue d'Alsace, Route de Gerardmer, Corcieux, 88430, France"""
5.688218,46.600181,"""Beauregard Mesnois>+33 (0) 3 84 48 32 51, Beauregard Mesnois, 2 GRANDS RUE, Mesnois, 39130, France"""
5.2711,48.4063,"""La Forge de Sainte Marie>0033 325 94 42 00, La Forge de Sainte Marie, RD 427, Thonnance Les Moulins, 52230, France"""
4.34789,48.26334,"""Le Lac d'Orient>0033 325 40 61 85, Le Lac d'Orient, Le Lac d'Orient, Rue du Lac, Mesnil-Saint-Pere, 10140, France"""
3.05451,45.75857,"""Huttopia Royat>0033 473 35 97 05, Huttopia Royat, Route de Gravenoire, Quartier de L�Od�de, Royat, 63130, France"""
3.478893,47.518265,"""Au Bois Joli Andryes>03 86 81 70 48, Au Bois Joli Andryes, 2 Route de Villeprenoy, Andryes, 89480, France"""
4.87227,46.78433,"""Le Pont de Bourgogne>0033 385 48 26 86, Le Pont de Bourgogne, Rue Julien Leneveu, Saint Marcel, 71380, France"""
4.475116,46.363945,"""Village des Meuniers>0033 385 50 36 60, Village des Meuniers, 344 Rue du Stade Dompierre les Ormes, 71520, France"""
9.509096,49.77798,"""Azur Camping Wertheim>00 49 9342 83111, Azur Camping Wertheim, An den Christwiesen 35, Wertheim D - 97877, Germany"""
7.856885,51.0738,"""Biggesee>0049 2761 944 111, Biggesee, Am Sonderner Kopf 3, Sondern Olpe, 57462, Germany"""
6.718213,50.413527,"""Eifel-Camp>00 49 26 97 2 82, Eifel-Camp, Am Freilinger See 1, Blankenhiem/Ahr, D 53945, Germany"""
8.576353,48.737798,"""Kleinenzhof>0049 (0)7081 3435, Kleinenzhof, Kleinenzhof 1, Baden Wurttemberg, D 75323, Germany"""
7.73761,47.87113,"""Belchenblick>0049 763 370 45, Belchenblick, Munstertaler STR 43, Staufen, 79219, Germany"""
10.55358019,45.56152669,"""Baia Verde>00 39 0365651753, Baia Verde, Via dell'Erdera Manerba del Garda BS, 25080, Italy"""
10.49775,45.753955,"""Rio Vantone>0039 365 83125, Rio Vantone, Via Vantone, Idro, 25074, Italy"""
12.1736,42.1295,"""Roma Flash>0039 0699 80 54 58, Roma Flash, Via Settevene Palo, 19800 1 Tronco, Bracciano, 62, Italy"""
13.796602,41.201451,"""Village Baia Domizia>0039 -0823.930.164, Village Baia Domizia, Sessa Aurunca, Province of Caserta, Baia Domizia, l-81037, Italy"""
6.13461,49.85043,"""Gritt>00352 80 20 18, Gritt, 2 Um Gritt, Ingeldorf, 9161, Luxembourg"""
7.049092,52.392033,"""Camping de Papillon>31541351670, Camping de Papillon, Kanaalweg 30, Denekamp, 7591NH, The Netherlands"""
5.894218,50.806988,"""Gulperberg>0031 43 450 2330, Gulperberg, Berghem 1, NP Gulpen, 6271, The Netherlands"""
5.819347,51.769432,"""Heumens Bos>0031 24 358 14 81, Heumens Bos, Vosseneindseweg 46, Heumens Bos, 6582, The Netherlands"""
-9.0562786,39.6202616,"""Ohai Nazar� Outdoor Resort>00351 262 561 800, Ohai Nazar� Outdoor Resort, Estrada Nacional 242, Nazar�, 2450-138, Portugal"""
-8.189669,41.763783,"""Parque Cerdeira>00351 253 351 005, Parque Cerdeira, Rua de Cerdeira, 400, Campo do Geres, Terras de Bouro, Braga, 4840-030 Portugal"""
-7.60124,37.144577,"""Ria Formosa>00351 281 328 887, Ria Formosa, Quinta da Gomeira, Cabanas de Tavira, 8800-591, Portugal"""
-6.227415,52.939338,"""Hidden Valley>867272872, Hidden Valley, Lower Street, Rathdrum, Wicklow, Republic of Ireland touring caravan sites"""
-8.18722,52.42111,"""Glen of Aherlow>00353 625 65 55, Glen of Aherlow Newtown, Tipperary, E34 NH58, Republic of Ireland"""
-9.40191,53.01665,"""Nagles Doolin>00353 657 07 44 58, Nagles Doolin, Ballaghaline, Doolin, Co Clare, Republic of Ireland"""
14.204274,45.805011,"""Pivka Jama>00 386 57 203993, Pivka Jama, Veliki Otok 50, Postojna, 6230, Slovenia"""
-8.825263,42.113352,"""Bayona Playa>34 986 350 035, Bayona Playa, Playa Ladeira, Avenida Jos� Pereira Troncoso, 2, Bayona, 36393, Spain"""
16.681059,43.440517,"""Galeb>00385 21 86 44 30, Galeb, Vukovarska 7, Omis, 21310, Croatia"""
-2.484357,48.59442,"""Bellevue>0033 2 96 72 33 04, Bellevue, Route de la Liberation, Erquy, 22430, France"""
-4.60333,48.59333,"""Des Abers>0033 298 04 93 35, Des Abers, 51 Toull Treaz, Landeda, 29870, France"""
-4.10778,47.97961,"""L�Orangerie de Lanniron >0033 298 90 62 02, L�Orangerie de Lanniron, All�e De Lanniron, Quimper, 29000, France"""
-2.023099,48.471699,"""La Hallerais>0033 296 39 15 93, La Hallerais, 4 Rue de la Robardais, Taden, 22100, France"""
-2.25691,48.58441,"""Le Ch�teau de Galin�e>0033 296 41 10 56, Le Ch�teau de Galin�e, Rue de Galin�e, St Cast, 22380, France"""
-2.26944,48.63726,"""Le Ch�telet>0033 296 41 96 33, Le Ch�telet, Rue des Nouettes, Saint-Cast, 22380, France"""
-1.98715,48.61524,"""Le Domaine de la Ville Huchet>0033 299 81 11 83, Le Domaine de la Ville Huchet, Route De La Passag�re, Saint Malo, 35400, France"""
-3.47477,47.90468,"""Le Ty Nadan>0033 298 71 75 47, Le Ty Nadan, Route D' Arzano, Locunole, 29310, France"""
-2.4839,47.4453,"""Les Iles>0033 299 90 30 24, Les Iles, 119 Route Des Trois Iles, La Pointe du Bile, Penestin, 56760, France"""
-3.92885,48.6589,"""Les Mouettes>0033 298 67 02 46, Les Mouettes, 50 Route de la Grande Greve, Carantec, 29660, France"""
-2.92596,47.61419,"""Man� Guernehu�>0033 297 57 02 06, Man� Guernehu�, 52 Rue Man� er Gro�z, Baden, 56870, France"""
-2.80056,47.6219,"""Penboch>0033 297 44 71 29, Penboch, 9 Chemin de Penboch, Arradon, 56610, France"""
3.463247,50.434662,"""Le Mont des Bruyeres>00 33 (0)3 27 48 56 87, Le Mont des Bruyeres, 806 Rue Emile Basly, St Amand des Eaux, 59230, France"""
1.845557,48.626823,"""Huttopia Rambouillet>0033 130 41 07 34, Huttopia Rambouillet, Route du Ch�teau-d�Eau Rambouillet, 78120, France"""
2.145781,48.939844,"""Maisons Laffitte>0033 (0) 1 39 12 21 91, Maisons Laffitte, 1 rue Johnson, Maisons Laffitte, 78600, France"""
0.8297,49.4349,"""La For�t Jumi�ges>0033 235 37 93 43, La For�t Jumi�ges, Rue Mainberte, Jumieges, 76480, France"""
1.27777,44.91805,"""Domaine des Mathevies>0033 553 59 20 86, Domaine des Mathevies, Les Mathevies, Sainte-Nathal�ne, Sarlat, 24200, France"""
-1.351883,43.951932,"""Eurosol Camping Club>0033 558 47 90 14, Eurosol Camping Club, Route de la Plage, St-Girons-Plage, Vielle-St-Girons, 40560, France"""
-1.3103,43.9026,"""Le Col Vert>0033 5 58 42 94 06, Le Col Vert, Le Lac, 1548 Route de l'Etang, Vielle St Girons, 40560, France"""
1.2536,44.82525,"""Le Domaine de Soleil Plage>0033 553 28 33 33, Le Domaine de Soleil Plage, Caudon, Vitrac, Sarlat, 24200, France"""
1.1149,44.9085,"""Le Moulin Du Roch>0033 553 59 20 27, Le Moulin Du Roch, Le Roch, Allas, Route Des Eyzies, Sarlat, 24200, France"""
-1.40164,43.79794,"""Le Vieux Port >0033 558 48 22 00, Le Vieux Port Plage Sud, Messanges, 40660, France"""
0.19091,44.27205,"""Moulin de Campech>0033 553 88 72 43, Moulin de Campech, Villefranche du Queyran, 47160, France"""
0.411609,44.771293,"""Pomport Beach>0033 524 10 61 13, Pomport Beach, Route de la Gardonette, Pomport, 24240, France"""
-0.075745,43.095749,"""La For�t Lourdes>0033 (0) 5 62 94 04 38, La For�t Lourdes, Camping Sites et Paysages La Foret Route de la Foret Lourdes 65100, France"""
1.7777792,44.827974,"""Le Ventoulou>0033 (0) 5 65 33 67 01, Le Ventoulou, Camping Sites et Paysages Le Ventoulou, Lieu-dit le Ventoulou, Thegra, 46500, France"""
1.44118,44.94537,"""Domaine de la Paille Basse>0033 565 37 85 48, Domaine de la Paille Basse, La Paille Basse Souillac, 46200, France"""
1.0667,44.4981,"""Le Ch'timi>0033 565 36 52 36, Le Ch'timi, Ld La Roque, Touzac, 46700, France"""
3.096141,44.101389,"""Les Rivages>0033 565 61 01 07, Les Rivages, 860 Avenue de l'Aigoual, Millau, 12100, France"""
-0.17714,42.94139,"""Pyr�n�es Natura>0033 05 62 97 45 44, Pyr�n�es Natura, Route du Lac, Estaing, 65400, France"""
0.890208,47.574634,"""L'Orangerie de Beauregard Villedomer>000 000 000, L'Orangerie de Beauregard Villedomer, Beauregard Villedomer 37110, France"""
1.08936,47.32765,"""Le Moulin Fort>0033 247 23 86 22, Le Moulin Fort, Francueil, 37150, France"""
2.615,47.6413,"""Les Bois du Bardelet>0033 238 67 47 39, Les Bois du Bardelet, Le Petit Bardelet, Poilly Les Gien, 45500, France"""
1.45185,47.47869,"""Les Saules>0033 254 79 90 01, Les Saules, Les Saules, Cheverny, 41700, France"""
0.51205,47.113514,"""Le Ch�teau de la Rolandi�re>0033 2 47 58 53 71, Le Ch�teau de la Rolandi�re, Ch�teau de La Rolandi�re, Trogues, 37220, France"""
6.039894,45.065701,"""A La Rencontre du Soleil>0033 4 76 79 12 22, A La Rencontre du Soleil, Route de l'Alpe d'Huez, BP33, Le Bourg d'Oisans, 38520, France"""
4.691571,45.413914,"""Bel Epoque du Pilat>0033 (0) 4 74 87 66 60, Bel Epoque du Pilat, 2 Route de la Vaille, Pelussin, 42410, France"""
6.10565,46.12015,"""La Colombi�re Neydens>0033 450 35 13 14, La Colombi�re Neydens, 166 Chemin Neuf, Neydens, 74160, France"""
4.928564,45.425626,"""Le Bontemps>0033 474 57 83 52, Le Bontemps, 5 Impasse du Bontemps Vernioz, 38150, France"""
5.60834,45.54065,"""Le Coin Tranquille>0033 476 32 13 48, Le Coin Tranquille, 6 Chemin Des Vignes, Les Abrets, 38490, France"""
5.111077,44.595841,"""Le Couspeau>0033 475 53 30 14, Le Couspeau, Quartier Bellevue, Drome Provencale, Poet Celard, 26460, France"""
4.28615,44.5612,"""Les Ranchisses>0033 475 8831 97, Les Ranchisses, 1525 Route de Valgorge, Chassiers, 7110, France"""
6.42777,45.93972,"""L'Escale>0033 450 02 20 69, L' Escale, 33 Chemin de plein Air, Le Grand Bornand, 74450, France"""
6.83264,43.45422,"""Esterel Caravanning>0033 494 82 03 28, Esterel Caravanning, Avenue Des Golfs, Agay, 83530, France"""
6.018137,44.105659,"""L�Hippocampe >0033 49233 5000, L�Hippocampe Route Napol�on, Volonne, 4290, France"""
6.63357,43.45097,"""Les P�cheurs>0033 494 457 125, Les P�cheurs, Camping les Pecheurs, Roquebrune-sur-Argens, 83520, France"""
7.08329,43.68179,"""Les Pin�des>0033 493 32 98 94, Les Pin�des, Route du Pont De Pierre, La Colle sur Loup, 6480, France"""
2.440811,43.284807,"""Le Moulin de Ste Anne>0033 (0) 4 68 72 20 80, Le Moulin de Ste Anne, Camping le Moulin de Sainte Anne Chemin de Sainte Anne, Villegly 11600, France"""
-2.219799,46.996608,"""Huttopia Noirmoutier>0033 5 13 90 62 4, Huttopia Noirmoutier, 23 Allee des Sableux, Noirmoutier en Ile, 85330, France"""
-1.52738,46.41837,"""La Bol�e d'Air>0033 251 90 36 05, La Bol�e d'Air, Route du Bouil, St Vincent sur Jard, 85520, France"""
-2.00749,46.75638,"""La Yole St Jean de Monts>0033 251 58 67 17, La Yole St Jean de Monts, Camping La Yole, 13 Chemin Des Bosses, Orouet, St Jean de Monts, 85160, France"""
-1.887777,46.934201,"""Le Bois Joli Bois de C�n�>0033 251 68 20 05, Le Bois Joli Bois de C�n�, 2 Rue de Ch�teauneuf, Bois-de-Cen�, 85710, France"""
-2.15972,47.44083,"""Le Ch�teau du Deffay>0033 240 88 00 57, Le Ch�teau du Deffay, BP 18, Sainte Reine de Bretagne, Le Deffay, Pontchateau, 44160, France"""
-0.001027,47.247313,"""Le Domaine de la Br�che>0033 241 51 22 92, Le Domaine de la Br�che, 5 Impasse de la Breche, Varennes sur Loire, 49730, France"""
-2.15313,47.14087,"""Les Vallons de l'Oc�an>0033 240 21 58 83, Les Vallons de l'Oc�an, 2 Route de la Tabardiere, La Plaine sur Mer, 44770, France"""
-1.233586,45.71664,"""La C�te Sauvage>0033 2 53 81 70 00, La C�te Sauvage, Les Mathes, 17570, France"""
-0.148097,46.833013,"""De Courte Vall�e>0033 549 64 70 65, De Courte Vall�e, 8 Rue de Courte Vallee, Airvault, 79600, France"""
0.80961,46.7989,"""La Roche-Posay >0033 549 862 123, La Roche-Posay Route de Lesigny, La Roche Posay, 86270, France"""
-1.0967,45.6755,"""Le Logis du Breuil>0033 546 23 23 45, Le Logis du Breuil, 36 Rue du Centre, St Augustin-sur-Mer, 17570, France"""
-1.0679,45.6399,"""Le Val Vert>0033 546 38 25 51, Le Val Vert, 108 Avenue Frederic Garnier, Vaux sur Mer, 17640, France"""
-3.403647,47.709395,"""Belle Plage>02 97 56 77 17, Belle Plage, Rue de l'Anse du Stole Ploemeur, 56270, France"""
-4.3586771,48.103222,"""Huttopia Douarnenez>00 33 298740567, Huttopia Douarnenez, 69 avenue du bois d'Isis, Douarnenez, 29100, France"""
-3.903365,47.856273,"""Le Cabellou Plage>0033 (0) 298 97 37 41, Le Cabellou Plage, 89 Avenue du Cabellou, Concarneau 29900, France"""
-3.801423,47.7934,"""Le Ragu�n�s-Plage>0033 298 06 80 69, Le Ragu�n�s-Plage, 19 Rue des Iles, Nevez, 29920, France"""
8.189918,47.12527,"""Sempach>0041 41 460 14 66, Sempach, Seelandstrasse 6, Sempach, 6204, Switzerland"""
7.523654,47.198219,"""Solothurn>0041 326 218 935, Solothurn, Glutzenhofstrasse 5, Solothurn, 4500, Switzerland"""
-3.453881,37.160731,"""Las Lomas>0034 958 48 47 42, Las Lomas, Carretera de Guejar Sierra KM6.5, Guejar Sierra, 18160, Spain"""
-8.745106,40.558062,"""Vagueira>, Vagueira, Rua do Parque de Campismo, 3840-254, Gafanha da Boa-Hora, Vagos, """
-8.732366,37.101258,"""Turiscampo>00351 28 27 89 265, Turiscampo, En 125, Espiche, Lagos, 8600- 109, Portugal"""
0.353408,40.455591,"""L'Orangeraie Calig>(0034) 964 765 059, L'Orangeraie Calig, Camino Pe��scola-C�lig, Lista de Correos, C�lig/Castell�n, 12589, Spain"""
-9.46666,38.72166,"""Guincho>00351 214 870 450, Guincho, E.N. 247-6 Lugar de Areia, Guincho, Cascais, 2750-053, Portugal"""
1.71253,50.33611,"""La Ferme des Aulnes>0033 (0) 322 29 22 69, La Ferme des Aulnes, Camping la Ferme des Aulnes, Fresne, Nampont Saint Martin, 80120, France"""
-0.106801,38.544805,"""Villasol>0034 965 850 422, Villasol, Avenida Bernat de Sarri�, 13, Alicante, Benidorm, 3505, Spain"""
-9.02451,39.7598,"""Sao Pedro de Moel>00351 244 599 168, Sao Pedro de Moel, Rua Volta Do Sete, Sao Pedro De Moel, Marinha Grande, 2430, Portugal"""
1.692881,41.232037,"""Vilanova Park>0034 93 893 34 02, Vilanova Park, Carretera de l'Arboc Km 2,5, PO box 64, Vilanova i la Geltr�, 8800, Spain"""
-0.136543,45.212121,"""La Motte>0033 54 60 42 691, La Motte, D270 Lieu de La Motte Le Fouilloux, 17270, France"""
-1.6725,43.171374,"""Ariztigain>0034 948 450 540, Ariztigain, Zubizargaina S/N, Navarra, Sunbilla, 31791, Spain"""
-5.080865,36.454118,"""Parque Tropical>0034 952793618, Parque Tropical, Carretera A7, Km 162,2, Estepona, Malaga, 29680, Spain"""
-4.135268,36.72504,"""Playa Almayate Costa>0034 952556289, Playa Almayate Costa, Road N.340 km 267, Almayate, 29749, Spain"""
0.3056,49.4009,"""Le Domaine de la Catini�re>03 25 76 351, Le Domaine de la Catini�re, 910 Route de la Morelle, Fiquefleur Equainville, 27210, France"""
3.023,42.7757,"""L'Oasis & California>0033 468 86 16 08, L'Oasis & California, Route de St Laurent, Le Barcares, 66420, France"""
6.495349,43.838625,"""Domaine du Verdon>0033 467026729, Domaine du Verdon D952, Castellane, 4120, France"""
-2.591419,36.797627,"""Roquetas de Mar>0034 950 343 809, Roquetas de Mar, Paraje Los Parrales 90, Roquetas de Mar, Almeria, 4740, Spain"""
-5.2362,36.34629,"""La Bella Vista>0034 952 890 020, La Bella Vista, Crtra Nacional 340, km 142.8, Manilva, Manilva, 29692, Spain"""
13.00793,52.36168,"""Sanssouci zu Potsdam>0049 331 9510 988, Sanssouci zu Potsdam, An Der Pirschheide 41, Am Templiner See 41, Potsdam, 14471, Germany"""
-0.09772,38.93276,"""Kiko Park>0034 962 85 09 05, Kiko Park C/assagador De Carro 2, 46780 Oliva (Valencia), Oliva (Valencia), 46780, Spain"""
-1.792947,41.218021,"""Lago Resort>0034 9768 49038, Lago Resort, Ctra. Alhama de Arag�n, Nuevalos, Zaragoza, Arag�n, 50210, Spain"""
-3.7293,40.94988,"""Monte Holiday>0034 91 869 52 78, Monte Holiday, Finca El Tercio Nuevo s/n, Gargantilla del Lozoya, Madrid, 28739, Spain"""
0.136059,42.435176,"""Pe�a Monta�esa>0034 974 50 00 32, Pe�a Monta�esa, Ctra Ainsa - Bielsa Km 2, Huesca, Labuerda-Ainsa, 22360, Spain"""
3.19397,42.001572,"""Playa Brava>0034 972 63 68 94, Playa Brava, Avinguida Del Grau 1, Pals, 17256, Spain"""
7.83063,46.68605,"""Lazy Rancho >0041 33 822 87 16, Lazy Rancho Lehnweg 6, Interlaken - Unterseen, 3800, Switzerland"""
8.90861,45.99527,"""Lugano >0041 91 994 77 88, Lugano, Via Alla Foce 14, Muzzano, 6933, Switzerland"""
-0.80876,38.1777,"""Alannia Costa Blanca>0034 965 484 945, Alannia Costa Blanca, AP7 Salida 730, Catral (Crevillente), 3330, Spain"""
-0.65472,38.10916,"""Alannia Guardamar>0034 966 727 070, Alannia Guardamar, N - 332 KM.73.4, Guardamar del Segura, 3140, Spain"""
0.07429,40.05709,"""Bonterra Resort>0034 964 30 00 07, Bonterra Resort, Avda De Barcelona 47, Benicassim, 12560, Spain"""
-4.337993,43.384445,"""Caravaning Oyambre>00 34 942 711 461, Caravaning Oyambre, Los Laos s/n, San Vicente de la Barquera, 39540, Spain"""
-3.536351,38.343932,"""Despe�aperros>0034 953 664 192, Despe�aperros, Calle Infanta Elena, Santa Elena, 23213, Spain"""
-5.005099,41.495705,"""El Astral>0034 983 770 953, El Astral, Camino de Pollos, 8, Tordesillas, Valladolid, 47100, Spain"""
-0.753263,37.975346,"""Florantilles>0034 96 572 04 56, Florantilles, Ctra. San Miguel de Salinas-Torrevieja, Alicante, 3193, Spain"""
5.35534,51.33612,"""De Paal>0031 497 571 977, De Paal, Paaldreef TN Bergijk, 145571, The Netherlands"""
4.37945,52.01769,"""Delftse Hout>0031 15 21 300 40, Delftse Hout, Korftlaan 5, Delft, 2616, The Netherlands"""
5.831483,50.85971,"""Den Driesch>0031 43 6012025, Den Driesch, Heunsbergerweg 1, BN Valkenburg aan de Geul, 6301, The Netherlands"""
4.3875,52.14638,"""Duinrell>0031 705 15 52 55, Duinrell Duinrell 1, JP Wassenaar, 2242, The Netherlands"""
-6.860503,41.845765,"""Cepo Verde>000 000 000, Cepo Verde, Lugar da Vinha do Santo, 5300-561, Gondesende, Bragan�a, """
-8.54705,51.94746,"""Blarney Caravan & Camping Park>00 353 214 516 519, Blarney Caravan & Camping Park, Stone View, Blarney, Co Cork, T23 R85R, Republic of Ireland"""
-9.47305,52.05472,"""Fleming's White Bridge>00353 64 6631590, Fleming's White Bridge, Ballycasheen Road, Killarney, Co Kerry, V93 HW56, Republic of Ireland"""
-9.93183,52.05862,"""Glenross>00353 6697 68 451, Glenross, Glenbeigh, Co. Kerry, V93 HF64, Republic of Ireland"""
-6.144576,52.88915,"""River Valley Caravan Park>00353 404 416 47, River Valley Caravan Park, Redcross, Co. Wicklow, A67 W966, Republic of Ireland"""
14.08066,46.36155,"""Bled>0038 645 752 000, Bled, Kirdriceava 10 C, Bled, 4260, Slovenia"""
-0.898122,38.051849,"""La Pedrera>00 34 966 18 30 20, La Pedrera, 100 Calle Ca�ada de Andrea, Bigastro, 3380, Spain"""
-4.2218497305363912,47.812699824404774,"""L'Ocean Breton>0033 2 98 82 23 89, L'Ocean Breton, Lieu Dit Manoir de Kerlut, Plobannalec-Lesconil, 29740, France"""
-4.01409,47.865765,"""De La Piscine>0033 (02) 98 56 56 06, De La Piscine, 51 Hent Kerleya, BP12 Beg Meil, Fouesnant, 29170, France"""
-3.96918,48.69339,"""De Trologot>0033 298 690 626, De Trologot, Gr�ve du Mar, Saint Pol De L�on, 29250, France"""
-4.0975,47.8678,"""Du Poulquer>0033 298 57 04 19, Du Poulquer, 23 Rue du Poulquer, Benodet, 29950, France"""
-4.31222,47.80388,"""La Plage>0033 298 58 61 90, La Plage, 241 Hent Maner ar Ster, Penmarch, 29760, France"""
-1.83475,48.38205,"""Le Domaine du Logis >0033 299 45 25 45, Le Domaine du Logis Le Logis, La Chapelle Aux Filzm�ens, 35190, France"""
-1.98694,48.60985,"""Le P'tit Bois>0033 299 21 14 30, Le P'tit Bois, La Chalandouse, St-Jouan-des-Gu�rets, 35430, France"""
-1.7299,48.4915,"""Les Ormes, Domaine and Resort>0033 299 73 53 21, Les Ormes, Domaine and Resort, M. de la Chesnais, Les Ormes, Epiniac, 35120, France"""
2.1787,50.8189,"""Le Ch�teau du Gandspette>0033 321 93 43 93, Le Ch�teau du Gandspette, 133 Rue du Gandspette, Eperlecques, 62910, France"""
1.85694,50.86611,"""La Bien Assise>0033 321 35 20 77, La Bien Assise, RD 231, Chateau de la Bien Assise, Guines, 62340, France"""
2.234912,48.868226,"""Camping de Paris>0033 145 243 000, Camping de Paris, 2 All�e du Bord de l'eau, Paris, 75016, France"""
2.1609574,48.7942728,"""Huttopia Versailles>0033 (0) 13 95 12 361, Huttopia Versailles, 31 Rue Berthelot, Versailles, 78000, France"""
3.97032,49.43207,"""Au Bord de L'Aisne>0033 (0) 323 79 74 58, Au Bord de L'Aisne, 14 Bis Rue des Godins, Guignicourt, 2190, France"""
2.8973,48.75067,"""Caravaning des 4 Vents>0033 164 07 41 11, Caravaning des 4 Vents, Rue De Beauregard, Crevecoeur-en-Brie, 77610, France"""
3.21409,49.78173,"""Du Vivier aux Carpes>0033 (0) 323 60 50 10, Du Vivier aux Carpes, Camping du Vivier aux Carpes, 4 Rue Charles Voyeux, Seraucourt le Grand, 2790, France"""
1.63614,50.15281,"""Le Ch�teau de Drancourt>0033 322 26 93 45, Le Ch�teau de Drancourt, Estreboeuf, Saint-Valery-sur-Somme, 80230, France"""
-1.48787,49.66737,"""Anse du Brick>0033 233 54 33 57, Anse du Brick, 18 Anse du Brick, Maupertus sur mer, 50330, France"""
-1.5244,48.7979,"""Le Ch�teau de Lez-Eaux>0033 233 51 66 09, Le Ch�teau de Lez-Eaux, Saint Aubin Des Preaux, St Pair sur Mer, 50380, France"""
1.16266,44.79175,"""Bel Ombrage>0033 553 28 34 14, Bel Ombrage, 24 lieu dit L'Abarede, St Cybranet, 24250, France"""
-1.58119,43.45525,"""Le Pavillon Royal>0033 559 23 00 54, Le Pavillon Royal, Avenue du Prince de Galles, Bidart, 64210, France"""
0.88591,44.8795,"""Le Port de Limeuil>0033 553 63 29 76, Le Port de Limeuil, Alles sur Dordogne, 24480, France"""
1.272807,44.95771,"""Les P�neyrals>0033 553 28 85 71, Les P�neyrals, Le Poujol, St Crepin et Carlucet, 24590, France"""
-1.40923,43.52294,"""Lou P'tit Poun>0033 559 56 55 79, Lou P'tit Poun, 110 Avenue Du Quartier Neuf, Saint Martin De Seignanx, 40390, France"""
-0.14141,44.91741,"""Saint-Emilion>0033 557 24 75 80, Saint-Emilion, 2 Lieu Dit Les Combes, St Emilion, 33330, France"""
0.50183,43.98299,"""Le Camp de Florence>0033 562 28 15 58, Le Camp de Florence, La Romieu, 32480, France"""
1.01619,43.19154,"""Le Moulin>0033 561 98 86 40, Le Moulin, Lieu dit 'Le Moulin, Martres-Tolosane, 31220, France"""
2.76531,44.18891,"""Les Gen�ts>0033 565 46 35 34, Les Gen�ts, Lac de Pareloup, Salles Curan, 12 410, France"""
1.537339,47.550539,"""Huttopia Les Ch�teaux>0033 254 46 41 84, Huttopia Les Ch�teaux, 11 rue Roger Brun, Bracieux, 41250, France"""
1.52856,47.66585,"""Le Ch�teau des Marais>0033 254 87 05 42, Le Ch�teau des Marais, 27 Route de Chambord, Muides-Sur-Loire, 41500, France"""
0.6529,47.14706,"""Le Parc de Fierbois>0033 247 65 43 35, Le Parc de Fierbois, Ste Catherine de Fierbois, 37800, France"""
1.104,47.5103,"""Le Parc du Val de Loire>0033 254 70 27 18, Le Parc du Val de Loire, 155 Route De Fleuray, Mesland, 41150, France"""
2.191687,47.54453,"""Les Alicourts >0033 254 88 63 34, Les Alicourts Pierrefitte-sur-Sauldre, 41300, France"""
4.597602,44.724718,"""Ard�che Camping Privas>00334 75 64 05 80, Ard�che Camping Privas, Chemin du Camping, Privas, 7000, """
4.761565,45.819745,"""Camping de Lyon>0033 478 35 64 55, Camping de Lyon, All�e du Camping International, Porte de Lyon, Dardilly, 69570, France"""
6.784673,45.62236,"""Huttopia Bourg St Maurice>33 (0) 479070345, Huttopia Bourg St Maurice, Route des Arcs, Bourg Saint Maurice, 73700, France"""
6.734489,45.576274,"""L�Eden de la Vanoise>0033 479 07 61 81, L�Eden de la Vanoise, Le Perrey au Levant, Avenue de la Gare, Landry, 73210, France"""
6.12027,44.98611,"""Le Champ Du Moulin>0033 476 80 07 38, Le Champ Du Moulin, Bourg D' Arud, Venosc, 38520, France"""
6.20608,45.80302,"""Le Taillefer>0033 450 44 30 30, Le Taillefer, 1530 Rue De Chaparon, Doussard, 74210, France"""
5.68386,45.87457,"""Le Vaugrais>0033 479 87 37 34, Le Vaugrais, 2, Chemin le Vaugrais, Artemare, 1510, France"""
4.398931,44.398257,"""Nature Parc L'Ard�chois>0033 475 88 06 63, Nature Parc L'Ard�chois, Route Touristique des Gorges de L'Ard�che, Vallon Pont d�Arc, 7150, France"""
6.00785,45.1144,"""RCN Belledonne>0033 476 80 07 18, RCN Belledonne, Rochetaillee, Bourg d'Oisans, 38520, France"""
6.711962,43.415188,"""Riviera d'Azur>+33 4 94 79� 09 46�, Riviera d'Azur, 189 Les Grands Chateaux des Villepey, Saint Aygulf, 83370, France"""
7.35547,48.73072,"""Les Portes d'Alsace>00 33 388 91 35 65, Les Portes d�Alsace, 40 Rue du Pere Liebermann, Saverne, 67700, France"""
4.383942,48.936532,"""Ch�lons en Champagne>0033 3 26 68 38 00, Ch�lons en Champagne, Rue de Plaisance, Chalons en Champagne, 51000, France"""
5.66396,47.00288,"""Huttopia La Plage Blanche>0033 384 37 69 63, Huttopia La Plage Blanche, 3 Rue de la Plage, Ounans, 39380, France"""
4.939331,49.426454,"""La Samaritaine>0033 (0)3 24 30 08 88, La Samaritaine, 2 All�e des Etangs, Buzancy, 8240, France"""
5.3805,47.87308,"""Lac de la Liez>0033 325 90 27 79, Lac de la Liez, Rue des Voiliers, Peigney, 52200, France"""
5.756102,46.564129,"""Le Fayolan>00 33 384 258852, Le Fayolan, BP 52 Chemin du Langard, Clairvaux les Lacs, 39130, France"""
6.35596,47.50768,"""Val De Bonnal>0033 381 86 90 87, Val De Bonnal, 1 Chemin Du Moulin, Bonnal, 25680, France"""
4.21271,45.21608,"""De Vaubarlet>0033 471 66 64 95 De Vaubarlet, D43 Route de Grazac, Sainte Sigol�ne, Haute-Loire, 43600, France"""
1.84055,44.980812,"""Huttopia Beaulieu sur Dordogne>0033 5 55 91 02 65, Huttopia Beaulieu sur Dordogne, Boulevard de Rudolphe Turenne, Beaulieu sur Dordogne 19120, France"""
1.28998,45.93297,"""Le Ch�teau de Leychoisier>0033 555 39 93 43, Le Ch�teau de Leychoisier, 1 Route de Leychoisier, Bonnac La Cote, 87270, France"""
2.20036,46.37192,"""Le Ch�teau de Poinsouze>0033 555 65 02 21, Le Ch�teau de Poinsouze, Route De La Chatre, Boussac-Bourg, 23600, France"""
4.6288749,47.236747,"""Le Lac de Panthier>0033 (0) 3 80 49 21 94, Le Lac de Panthier, 1 Chemin du Lac, Vandenesse en Auxois, 21320, France"""
3.645552,47.562751,"""Merry Sur Yonne>00 33 3 86 34 59 55, Merry Sur Yonne, 5 impasse des sables, Merry sur Yonne, 89660, France"""
4.944213,46.654815,"""Le Ch�teau de l'Epervi�re>0033 385 94 16 90, Le Ch�teau de l'Epervi�re, Rue du Ch�teau, Gigny sur Saone, 71240, France"""
11.463706,48.753698,"""Am Auwaldsee>0049 0841 96 11 616, Am Auwaldsee, Am Auwaldsee 1, Ingolstadt, 85053, Germany"""
13.98,51.12027,"""Freizeitpark Luxoase>0049 359 525 6666, Freizeitpark Luxoase, Arnsdorfer Strasse 1, Kleinroehrsdorf bei Dresden, 1900, Germany"""
9.648017,47.633544,"""Gutshof>00 49( 0)7543-9633-0, Gutshof, Laimnau/Badhutten 1/2, Tettnang, 88069, Germany"""
10.33685,53.96131,"""Kl�thseecamp and Seeblick>0049 4551 823 68, Kl�thseecamp and Seeblick, Kluethseehof 2, Klein R�nnau, 23795, Germany"""
10.928827,48.436884,"""Lech Camping>0049 8207 2200, Lech Camping, Seeweg 6, Affing-M�hlhausen bei Augsburg, Augsburg, 86444, Germany"""
7.94083,49.97777,"""R�desheim am Rhein>0049 6722 25 28, R�desheim am Rhein, Kastanienallee 4, Rudesheim, 65385, Germany"""
13.023568,42.944485,"""Il Collaccio>0039 07 43 93 90 05, Il Collaccio, Centro Agrituristico Il Collaccio, Preci, 6047, Italy"""
10.423616,43.8301,"""La Valle Agricampeggio>00039 3 49 13 70 75 0, La Valle Agricampeggio, Via Statale Abetone 478 Ripafratia San Giuliano Terme Toscana (PI) 56017, Italy"""
14.358234,40.62794,"""Santa Fortunata>0039 0818073574, Santa Fortunata, Via Capo, 39/a, Sorrento, 80067, Italy"""
12.461,45.4456,"""Ca' Savio>0039 041 966017, Ca' Savio, Via di Casavio 77, Venice, 30010, Italy"""
12.46016,43.95889,"""Centro Vacanze San Marino>0039 0549 907120, Centro Vacanze San Marino, 50, Strada di San Michele, Cailungo, San Marino, 47893, Italy"""
11.44944,43.61333,"""Norcenni Girasole Club>0039 055 91 51 41, Norcenni Girasole Club, Via Norcenni 7, Figline Valdarno, 50063, Italy"""
6.16441,49.784585,"""Nommerlayen>352 87 80 78, Nommerlayen, Rue Nommerlayen, Nommern, L 7465, Luxembourg"""
6.2101,49.78525,"""Birkelt Village>00352 87 90 40, Birkelt Village, 1 Um Birkelt, Larochette, 7633, Luxembourg"""
6.36431,52.51944,"""Arendshorst >0031 529 453 248, Arendshorst Arendshorsterweg 3a, Ommen, 7731, The Netherlands"""
4.45625,52.1999,"""Camping Koningshof>0031 71 40 26 051, Camping Koningshof, Vakantiepark Koningshof, Elgeesterweg 8, NW Rijnsburg, 2231, The Netherlands"""
4.838559,51.29395,"""Lilse Bergen>01455 7901, Lilse Bergen, Strandweg 6, Lille-Gierle, B-2275, Belgium"""
-1.432806,46.349456,"""Bel>0033 (0) 251304839, Bel, 4 rue du bottereau, La Tranche sur Mer, 85360, France"""
-1.75543,46.66652,"""Le Pin Parasol>0033 251 34 64 72, Le Pin Parasol, Chateaulong, La Chapelle Hermier, 85220, France"""
-2.037239,47.084262,"""Les Ecureuils>0033 (0) 240827695, Les Ecureuils, 24 Avenue Gilbert Burlot, La Bernerie en Retz, 44760, France"""
-1.492709,46.248346,"""Les Portes en R�>0033 0 546295104, Les Portes en R�, Route de la Pointe � Chabot, Les Portes en R�, 17880, France"""
-0.60888,46.31444,"""La Venise Verte>0033 549 35 90 36, La Venise Verte, 178 Route Des Bords De Sevre, Coulon, 79510, France"""
-1.31879,45.96796,"""Le Domaine d'Ol�ron>0033 546 76 54 97, Le Domaine d'Ol�ron, Le Domaine d'Ol�ron, La Jousseliniere, St Georges d'Oleron, 17190, France"""
0.588,46.887,"""Le Petit Trianon de St Ustre>0033 549 02 61 47, Le Petit Trianon de St Ustre, 1 Rue du Moulin de Saint Ustre, Ingrandes, 86220, France"""
0.55805,45.65972,"""Les Gorges du Chambon>0033 545 70 71 70, Les Gorges du Chambon, Le Chambon, Eymouthiers, 16220, France"""
-1.1061218,45.810879,"""S�quoia Parc>0033 546 85 55 55, S�quoia Parc, La Josephtrie, Saint-Just-Luzac, 17320, France"""
-3.029047,47.611271,"""Le Lac>0033 2 97 55 78 78, Le Lac, Kerlearec, Carnac, 56340, France"""
-3.383308,48.814944,"""Les 7 Iles>00 33 2 96 91 73 11, Les 7 Iles, Port l'Epine, Trelevern, 22660, France"""
12.70602,47.57427,"""Grubhof >0043 6588 8237, Grubhof Grubhof N0 39, St. Martin bei Lofer, 5092, Austria"""
5.285619,50.096806,"""La Clusure>0032 (0) 84 36 0050, La Clusure, Chemin de la Clusure 30, Bure (Tellin), 6927, Belgium"""
15.1367789,44.2417068,"""Arcadia>385 91 200 0887, Arcadia, Put mula 50, Privlaka, 23233, Croatia"""
15.648019,44.973487,"""Plitvice Holiday Resort>385 47 784 192, Plitvice Holiday Resort Plitvice Holiday Resort, Rotokor d.o.o., Grabovac 102, 47 245, Croatia"""
15.1692081,44.2285692,"""Zaton Holiday Resort>385 23 280280, Zaton Holiday Resort, Dra�nikova 76 t, Nin, 23232, Croatia"""
18.0705,42.66191,"""Solitudo>00385 20 448 686, Solitudo, Vatroslava Lisinskog 60, Dubrovnik, 20000, Croatia"""
-2.853893,42.578252,"""De Haro>0034 941 312 737, De Haro, Avenida de Miranda 1, Haro, La Rioja, 26200, Spain"""
-0.74442,37.62445,"""La Manga>0034 968 563 014, La Manga, Autovia De La Manga, Salida 11, Mar de Menor, 30386, Spain"""
-1.686343,43.371491,"""Larrouleta>0033 5 59 47 37 84, Larrouleta, 210 route de Socoa, Urrugne, 64122, France"""
7.90824,46.58877,"""Jungfrau>0041 33 856 20 10, Jungfrau, Weid 406, Lauterbrunnen, 3822, Switzerland"""
3.158102,41.956767,"""Mas Patoxas>34 972 63 69 28, Mas Patoxas, Ctra. C-31 Palafrugell, Pals, km.339, Pals, 17256, Spain"""
-0.22317,38.51798,"""Camping Alicante Imperium>0034 96 506 32 32, Camping Alicante Imperium, Camping Alicante Imperium, CV-759, Km1, Villajoyasa, Villajoyasa, 3570, Spain"""
2.05519,50.808728,"""Bal>0033 321 35 65 90, Bal, 500 rue du Vieux Chateau, Tournehem-sur-la-Hem, 62890, France"""
11.33916,47.23832,"""Natterer See>0043 512 54 67 32, Natterer See, Natterer See 1, Natters, 6161, Austria"""