-4.2559,52.245,"""Aberaeron - Aeron Coast Holidays Ltd SA46 0JF>01545 570349"""""
-3.8566,56.6245,"""Aberfeldy - Aberfeldy Caravan Site PH15 2AQ>01887 822108"""""
-4.3547,56.1397,"""Aberfoyle - Trossachs Holiday Park FK8 3SA>01877 382614"""""
-3.6318344,53.262374,"""Abergele - Bryn Ffanigl Ganol LL22 8NF>01492 680274"""""
-3.6053,53.2483,"""Abergele - Hunters Hamlet Caravan Park LL22 8PL>01745 832237"""""
-3.5961,53.2826,"""Abergele - Manorafon Farm Touring & Camping LL22 8ET>01745 833237"""""
-3.6502,53.2523,"""Abergele - Plas Farm Caravan & Lodge Park LL22 8AU>01492 680254"""""
-2.8295,56.008,"""Aberlady - Aberlady Caravan Park EH32 0PZ>01875 870666"""""
-4.5262,52.128,"""Aberporth - Dolgelynen Holiday Park SA43 2HS>01239 811095"""""
-4.5182,52.8126,"""Abersoch - Deucoch Touring & Camping Park LL53 7LD>01758 713293"""""
-4.5467,52.8174,"""Abersoch - Rhydolion LL53 7LR>01758 712342"""""
-4.5161,52.8018,"""Abersoch - Tair Lon LL53 7DB>07747 458889"""""
-4.4915,52.8644,"""Abersoch - Wern Newydd Tourer Park LL53 7PG>01758 740220"""""
-4.073,52.4372,"""Aberystwyth - Ocean View Caravan Park SY23 3DT>01970 828425"""""
-3.6842,55.4901,"""Abington - Mount View Caravan Park ML12 6RW>01864 502808"""""
-2.7624,57.0871,"""Aboyne - Aboyne Loch Holiday Park AB34 5BR>01339 886244"""""
-0.5221,51.1116,"""Alfold - Springbok Caravan Park GU6  8HT>01403 759630"""""
-2.691,57.2411,"""Alford (Grampian) - Haughton House Holiday Park AB33 8NA>01975 562107"""""
-0.6519,54.2152,"""Allerston - Vale of Pickering Caravan Park YO18 7PQ>01723 859280"""""
-3.2286,56.6134,"""Alyth - Five Roads Caravan Park PH11 8NB>01828 632255"""""
-3.1943,56.6614,"""Alyth - Nether Craig Holiday Park PH11 8HN>01575 560204"""""
-3.9639,51.8339,"""Ammanford - Llandyfan Camping & Fishing SA18 2TY>01269 850607"""""
0.3,53.2603,"""Anderby - Manor Farm Caravan Park PE24 5YB>01507 490372"""""
0.30206716,53.259458,"""Anderby - Ronam Cottage PE24 5YA>01507 490750"""""
-2.5809,54.6267,"""Appleby - Low Moor Caravan & Camping Park CA10 1XG>01768 361231"""""
-3.9906,52.7225,"""Arthog - Graig Wen LL39 1YP>01341 250482"""""
-0.5772,50.8263,"""Arundel - Ship & Anchor Marina BN18 0BJ>01243 551262"""""
-1.7463,53.0557,"""Ashbourne - Ashbourne Heights DE6 1LE>01335 350228"""""
-1.7435,53.026,"""Ashbourne - Callow Top Holiday Park DE6 2AQ>01335 344020"""""
-1.6039261,53.019774,"""Ashbourne - Poplars Farm DE6 3ED>01335 370347"""""
-3.7873,50.5164,"""Ashburton - River Dart Country Park TQ13 7NP>01364 652511"""""
0.8701,51.1055,"""Ashford - Broadhembury Caravan & Camping Park TN26 1NQ>01233 620859"""""
0.8284,51.0965,"""Ashford - The Firs Campsite and Fishery TN26 1LZ>01233 733492"""""
-1.8023,52.2349,"""Aston Cantlow - Island Meadow Caravan Park B95 6JP>01789 488273"""""
-2.374839,54.102061,"""Austwick - Orcaber Farm Caravan and Camping Site LA2 8AE>07800 624 994"""""
-3.0683,50.7833,"""Axminster - Andrewshayes Holiday Park EX13 7DY>01404 831225"""""
1.2333,52.7476,"""Aylsham - Hevingham Lakes Caravan & Camping NR10 5QL>01603 754368"""""
-2.0031,54.2713,"""Aysgarth - Street Head Caravan Park DL8 3TE>01969 663472"""""
-1.6989,53.2201,"""Bakewell - Greenhills Holiday Park DE45 1PX>01629 813052"""""
-3.6436,52.8774,"""Bala - Glanllyn Lakeside Caravan & Camping Park LL23 7SS>01678 540227"""""
-3.5895,52.9015,"""Bala - Pen-y-bont Touring & Camping Park LL23 7PH>01678 520549"""""
-4.5949,56.0001,"""Balloch - Lomond Woods Holiday Park G83 8QP>01389 755000"""""
-1.754,55.6012,"""Bamburgh - Waren Caravan Park NE70 7EE>01668 214366"""""
-1.6921,53.3396,"""Bamford - Swallowholme Camping & Caravan Park S33 0BN>01433 650981"""""
-1.3371,52.1047,"""Banbury - Barnstones Caravan & Camping Site OX17 1QU>01295 750289"""""
-4.0617,52.7306,"""Barmouth - Hendre Mynach LL42 1YR>01341 280262"""""
-4.0792,52.7563,"""Barmouth - Trawsdir Touring Park LL42 1RR>01341 280999"""""
-1.9552,54.5544,"""Barnard Castle - Pecknell Farm Caravan Site DL12 9DF>01833 638357"""""
-4.7991,55.1145,"""Barrhill - Barrhill Holiday Park KA26 0PZ>01465 821355"""""
-3.2147,54.0584,"""Barrow-in-Furness - South End Caravan Park LA14 3YQ>01229 472823"""""
-2.5958,51.3362,"""Bath - Bath Chew Valley Caravan Park BS39 5TZ>01275 332127"""""
0.444,50.9092,"""Battle - Senlac Wood TN33 9LN>01424 773969"""""
-1.6448,55.5686,"""Beadnell - Annstead Farm NE67 5BT>01665 720387"""""
-4.0913,53.2848,"""Beaumaris - Kingsbridge Caravan and Camping Park LL58 8LR>01248 490636"""""
1.513614,52.470634,"""Beccles - Three Rivers NR34 0HS>07848 552128"""""
-1.6296,54.2995,"""Bedale - Herons Pond Caravan Park DL8 1TX>01677 426934"""""
-1.5619,54.3091,"""Bedale - Pembroke Caravan Park DL7 9BW>0776 1832736"""""
-0.3757,52.2392,"""Bedford - Top End Farm MK44 2BY>01234 376426"""""
-1.8175,55.5914,"""Belford - South Meadows Caravan Park NE70 7DP>01668 213326"""""
1.6721,52.5719,"""Belton - Rose Farm Touring & Camping Park NR31 9JS>01493 738292"""""
-4.239,53.3271,"""Benllech - Plas Uchaf Caravan & Camping Park LL74 8NU>01407 763012"""""
-2.2211,50.743,"""Bere Regis - Rowlands Wait Touring Park BH20 7LP>01929 472727"""""
-1.9211,55.6551,"""Berwick on Tweed - The Old Mill Caravan Site TD15 2PF>01289 381295"""""
-3.7982,53.0945,"""Betws-y-Coed - Riverside Touring Park LL24 0AL>01690 710310"""""
-2.3379,52.3702,"""Bewdley - Hopleys Family Camping DY12 2QL>01299 402173"""""
0.427,50.8556,"""Bexhill-on-Sea - Kloofs Caravan Park TN39 4RG>01424 842839"""""
-1.1416,51.9415,"""Bicester - Glebe Leisure OX27 8RJ>01869 277800"""""
-3.6879,50.5358,"""Bickington - The Dartmoor Halfway Inn TQ12 6JW>01626 824011"""""
-0.8715,52.9371,"""Bingham - Janson Fishery NG13 9FA>07555 892127"""""
1.2521,51.3555,"""Birchington - St Nicholas Camping Site CT7 0NH>01843 847245"""""
-1.6396,53.1561,"""Birchover - Barn Farm Campsite DE4 2BL>01629 650245"""""
-3.0276,52.5291,"""Bishops Castle - Daisy Bank Caravan Park SY15 6EB>01588 620471"""""
-2.5192,53.7893,"""Blackburn - Northwood BB1 9EX>01254 814311"""""
-2.9828,53.879,"""Blackpool - Kneps Farm Holiday Caravan Park FY5 5LR>01253 823632"""""
-2.9566,53.7992,"""Blackpool - Ream Hills Caravan Park PR4 3NJ>01253 836587"""""
-4.0031,52.2595,"""Blaenpennal - Aeron View Camping SY23 4TW>01974 251219"""""
-2.1932,50.8393,"""Blandford - The Inside Park Touring Caravan & Camping Park DT11 9AD>01258 453719"""""
0.5196,50.9922,"""Bodiam - Park Farm Campsite TN32 5XA>01580 831982"""""
-4.6448,50.4847,"""Bodmin - Gwel-an-Nans PL30 4EF>01208 821359"""""
-2.7879,54.1159,"""Bolton-le-Sands - Bay View Holiday Park LA5  8ES>01524 732854"""""
-2.8076,54.1059,"""Bolton-le-Sands - Red Bank Farm LA5 8JR>01524 823196"""""
-1.3139,54.0507,"""Boroughbridge - Burrows Park YO26 9SG>07736 270713"""""
-0.8736,50.843,"""Bosham - Orchard Farm PO18 8PP>01243 572757"""""
-2.051,50.7405,"""Bournemouth - South Lytchett Manor Caravan Park BH16 6JB>01202 622577"""""
-1.868,50.8124,"""Bournemouth - St Leonards Farm Caravan & Camping Park BH22 0AQ>01202 872637"""""
-1.7162329,51.85662,"""Bourton-on-the-Water - Ashspring Caravan Camping GL54 2LH>01451 820224"""""
0.4799,51.9018,"""Braintree - Golden Grove CM7 5DW>07917 592310"""""
-2.8321,54.9407,"""Brampton - Bleatarn Farm CA6 4ND>07795 490579"""""
-0.4741,53.4597,"""Brandy Wharf - Brandy Wharf Leisure Park DN21 4RT>01673 818010"""""
-1.7248,50.778,"""Bransgore - Harrow Wood Farm BH23 8JE>01425 672487"""""
-4.1817,51.1123,"""Braunton - Lobb Fields Caravan & Camping Park EX33 1HG>01271 812090"""""
-3.0109,51.2803,"""Brean - Brean Leisure Park Ltd TA8 2RB>01278 751235"""""
-3.0088,51.3136,"""Brean - Channel View Caravan Park TA8 2RR>01278 751055"""""
-3.008,51.2758,"""Brean - Northam Farm Touring Park TA8 2SE>01278 751244"""""
-3.4756,51.9516,"""Brecon - Aberbran Fach Farm LD3 9NG>01874 622929"""""
1.3202,52.1335,"""Bredfield (Wickham Market) - Moat Barn Touring Caravan Park IP13 6BD>01473 737520"""""
-3.481,51.5782,"""Bridgend - Our Welsh Caravan & Camping CF35 6EN>07800 945558"""""
-2.3774,52.5276,"""Bridgnorth - Stanmore Hall Touring Park WV15 6DT>01746 761761"""""
-3.1184,51.1597,"""Bridgwater - Mill Farm Caravan & Camping Park TA5 1JQ>01278 732286"""""
-0.1703,54.1109,"""Bridlington - The Poplars Touring Park & Motel YO15 1DX>01262 677251"""""
-2.7365,50.7049,"""Bridport - Freshwater Beach Holiday Park DT6 4PT>01308 897317"""""
-1.4046,50.6347,"""Brighstone - Grange Farm Caravan & Camping PO30 4DA>01983 740296"""""
-2.7397,51.3542,"""Bristol - Brook Lodge Farm Camping & Caravan Park BS40 5RB>01934 862311"""""
-3.5687,50.3909,"""Brixham - Galmpton Touring Park TQ5 0EP>01803 842066"""""
-3.5039,50.3912,"""Brixham - Wall Park Touring & Centry Camping TQ5 9ET>01803 856389"""""
-3.2517,52.0067,"""Bronllys - Anchorage Caravan Park LD3 0LD>01874  711246"""""
-4.2683,53.3131,"""Brynteg - Ad Astra Caravan Park LL78 7JH>01248 853283"""""
-3.7601,50.4664,"""Buckfastleigh - Beara Farm Camping Site TQ11 0LW>01364 642234"""""
-4.5484,50.8413,"""Bude - Bude Holiday Resort EX23 9EE>01288 355955"""""
-4.45,50.7256,"""Bude - Chelsfield Farm Holiday Park PL15 8NU>01566 785828"""""
-4.4659,50.7864,"""Bude - Hedley Wood Caravan & Camping Park EX22 7ED>01288 381404"""""
-4.5617,50.7736,"""Bude - Penhalt Farm Holiday Park EX23 0DG>01288 361210"""""
-4.5337,50.7805,"""Bude - Widemouth Fields EX23 0NA>01288 361351"""""
-4.5186,50.8429,"""Bude - Wooda Farm Holiday Park EX23 9HJ>01288 352069"""""
-3.299,52.1848,"""Builth Wells - Bryncrach LD1 5RY>01982 570291"""""
-3.3191,52.172,"""Builth Wells - Fforest Fields LD1 5RT>01982 570406"""""
-4.3087,57.4824,"""Bunchrew - Bunchrew Caravan Park IV3 8TD>01463 237802"""""
0.2684,53.1719,"""Burgh le Marsh - Sycamore Farm PE24 5HN>01754 810833"""""
-2.9815,51.2454,"""Burnham-on-Sea - BASC Sportsground TA8 2BS>01278 788355"""""
-2.9312,51.2387,"""Burnham-on-Sea - Westbrook Farm Touring Park TA9 4HQ>01278 760386"""""
-2.9604,51.1971,"""Burnham-on-Sea - Withy Water Caravan & Campsite TA9 3NW>01278 783700"""""
-0.1977,53.8021,"""Burton Constable - Burton Constable Holiday Park and Arboretum HU11 4LJ>01964 562508"""""
0.827,52.2399,"""Bury St Edmunds - Bright Meadow Caravan Park IP31 3RB>01359 270121"""""
0.45414895,52.350866,"""Bury St Edmunds - New Park Farm IP28 8PD>01638 714887"""""
-1.8112,53.2419,"""Buxton  - Beech Croft Farm SK17 9TQ>01298 85330"""""
-1.8478995,53.226091,"""Buxton  - Farditch Farm Campsite SK17 9SG>07943 665428"""""
-4.1881,53.0943,"""Caernarfon - Bryn Gloch Caravan & Camping Park LL54 7YY>01286 650216"""""
-4.1357,53.1247,"""Caernarfon - Llanberis Touring Park LL55 4EL>01286 870700"""""
-4.1846,53.1429,"""Caernarfon - Llys Derwen Caravan & Camping Site LL55 4RD>01286 673322"""""
-4.2101,53.1451,"""Caernarfon - Plas Gwyn Caravan Park LL55 2AQ>01286 672619"""""
-4.2316,53.1555,"""Caernarfon - Rhyd-y-Galen LL55 1UL>01286 650216"""""
-4.2338,53.1411,"""Caernarfon - Riverside Camping LL55 2BB>01286 678781"""""
-4.3063,53.0974,"""Caernarfon - Tyn Rhos Farm Caravan Park LL54 5UH>01286 830362"""""
-3.4183,52.5109,"""Caersws - Maesmawr Farm SY17 5SB>01686 688011"""""
1.73,52.6448,"""Caister(Norfolk) - Grasmere Caravan Park NR30 5DH>01493 720382"""""
-4.1864,56.2363,"""Callander - Callander Woods Holiday Park FK17 8LE>01250 878123"""""
0.0324,52.1942,"""Cambridge - Highfield Farm Touring Park CB23 7DG>01223 262308"""""
0.0667,52.3348,"""Cambridge - Roseberry Tourist Park CB24 5LT>01954 260346"""""
-4.7571,57.3431,"""Cannich - Cannich Caravan & Camping Park IV4 7LN>01456 415364"""""
-2.9737,54.8579,"""Carlisle - Dalston Hall Holiday Park & Golf Club CA5 7JX>01228 710165"""""
-2.9087,54.9447,"""Carlisle - Green Acres Caravan Park CA6 4JW>01228 675418"""""
-4.1536,51.8251,"""Carmarthen - Coedhirion SA32 8BQ>01267 275666"""""
-2.7167,56.5053,"""Carnoustie - Woodlands Caravan Park DD7 6GR>01241 854430"""""
-4.055,55.0098,"""Castle Douglas - Loch Ken Holiday Park DG7 3NE>01644 470282"""""
-1.6784,54.35,"""Catterick - Highfield Farm Caravan Park DL10 7QZ>01748 832587"""""
-3.4354,52.5932,"""Cefn Coch - Carmel Caravan Park SY21 0AJ>01938 810542"""""
0.3331,53.2126,"""Chapel St Leonards - Eastview Caravan Park PE24 5UA>01754 875324"""""
-2.8958,50.7389,"""Charmouth - Manor Farm Holiday Centre DT6 6QL>01297 560226"""""
-2.8886,50.7372,"""Charmouth - Newlands Holiday Park DT6 6RB>01297 560259"""""
-2.9157,50.7432,"""Charmouth - Wood Farm Caravan & Camping Park DT6 6BT>01297 560697"""""
-2.7293,51.2419,"""Cheddar - Bucklegrove Holiday Park BS27 3UZ>01749 870261"""""
-2.7411081,51.248435,"""Cheddar - Rodney Stoke Caravan Park BS27 3XB>07710 609010"""""
-1.8371,51.941,"""Cheltenham - Cotswold Farm Park GL54 5UG>01451 850307"""""
-2.8158,53.1907,"""Chester - Birch Bank Farm CH3 7QD>01244 335233"""""
-1.4961,53.276,"""Chesterfield - Mill Farm S18 7TJ>01142 899167"""""
-0.8223,50.7895,"""Chichester - Ellscott Park PO20 7QL>01243 512003"""""
-0.8878,50.8423,"""Chichester - Kia Ora Nursery PO18 8RT>01243 572858"""""
0.1949,50.907,"""Chiddingly - Latchett Cottage BN8 6HE>01825 872316"""""
-0.0064,51.6526,"""Chingford - Lee Valley  Sewardstone E4 7RA>020 8529 5689"""""
-2.5751,53.8807,"""Chipping - Brickhouse Touring Caravan Park PR3  2QW>01995 61747"""""
-1.5168,51.9545,"""Chipping Norton - Merryweather Farm Caravan Park OX7 5TE>01608 644860"""""
-2.743,52.5286,"""Church Stretton - Southview SY6 7DP>07970 192046"""""
1.157,51.8519,"""Clacton-on-Sea - Grange Farm CO16 0HG>01255 861208"""""
1.5845,52.6736,"""Clippesby - Clippesby Hall NR29 3BL>01493 367800"""""
-2.3380932,53.943202,"""Clitheroe - Calder Farm BB7 4NT>01200 447725"""""
-4.3851,53.0096,"""Clynnog Fawr - Aberafon Campsite LL54 5PN>01286 660295"""""
0.8604,51.8928,"""Colchester - Colchester Holiday Park CO3 4AG>01206 545551"""""
-2.636465,51.795708,"""Coleford - Greenacres Campsite GL16 8QS>07711 760314"""""
-2.5941,51.7588,"""Coleford - Hawthorne Cottage GL16 8LN>01594 563117"""""
-3.646,53.2918,"""Colwyn Bay - Bron Y Wendon Touring Caravan Park LL22 8HG>01492 512903"""""
-4.0428,51.2039,"""Combe Martin - Newberry Valley EX34 0AT>01271 882334"""""
-4.0597,51.1631,"""Combe Martin - Stowford Farm Meadows EX34 0PW>01271 882476"""""
-4.0049,56.376,"""Comrie - Twenty Shilling Wood Caravan Park PH6 2JY>01764 670411"""""
-3.9694,56.3792,"""Comrie - West Lodge Caravan Park PH6 2LS>01764 670354"""""
-0.9102,54.1315,"""Coneysthorpe - Castle Howard Lakeside Holiday Park YO60 7DD>01653 648316"""""
-2.8147,51.3717,"""Congresbury - Oak Farm Touring Park BS49 5EB>01934 833246"""""
-1.8066,54.9003,"""Consett - Byreside Caravan Site NE17 7RT>01207 560280"""""
-3.8325,53.2325,"""Conwy - Wern Farm Caravan Park LL32 8SY>01492 650257"""""
-1.8446,51.0102,"""Coombe Bissett - Summerlands Caravan Park SP5 4LP>01722 718259"""""
-2.0368,50.6227,"""Corfe Castle - Woodyhyde Campsite BH20 5HT>01929 480274"""""
-5.1604,56.8499,"""Corpach - Linnhe Lochside Holidays PH33 7NL>01397 772376"""""
-1.9923,54.5787,"""Cotherstone - Doe Park DL12 9UQ>01833 650302"""""
-1.3894,52.3387,"""Coventry - Eriba Glade Touring Caravan  Site CV23 9JQ>01926 632454"""""
-1.4187,52.3425,"""Coventry - Treetops CV23 9QE>07767 365362"""""
-5.1106,50.0189,"""Coverack - Little Trevothan Caravan & Camping Park TR12 6SD>01326 280260"""""
-1.6076,55.475,"""Craster - Proctors Stead Caravan Park NE66 3TF>01665 576613"""""
-2.7901,52.442,"""Craven Arms - Greenway Touring and Glamping Park SY7  9LU>01584 861431"""""
-2.884,52.4287,"""Craven Arms - Wayside SY7 8EF>01588 660218"""""
-4.2561,52.9374,"""Criccieth - Cae Canol Camping & Caravan Park LL52 0NB>01766 522351"""""
-4.2351,52.9342,"""Criccieth - Llwyn-Bugeilydd Farm LL52 0PN>01766 522235"""""
-3.1891,51.9018,"""Crickhowell - Cwmdu Caravan & Camping Site NP8 1RU>01874 730741"""""
-3.7793,50.7162,"""Crockernwell - Barley Meadow Touring Park EX6 6NR>01647 281629"""""
-4.6637,55.2956,"""Crosshill - Walled Garden Caravan & Camping Park KA19 7SG>01655 740323"""""
-4.2253,51.1268,"""Croyde - Bay View Farm EX33 1PN>01271 890501"""""
-5.115,50.3876,"""Cubert - Cottage Farm Tourist Park TR8 5HH>01637 831083"""""
-5.119,50.3848,"""Cubert - Crossroads Caravan and Camping Site TR8 5HL>01637 830420"""""
-3.2789,50.8594,"""Cullompton - Forest Glade Caravan & Camping Park EX15 2DT>01404 841381"""""
-2.7416,52.4423,"""Culmington - Sparchford Farm SY8 2DE>01584 861222"""""
-2.7494,54.8622,"""Cumwhitton - Cairndale Caravan Park CA8 9BZ>01768 896280"""""
-3.8205,54.9443,"""Dalbeattie - Glenearly Caravan Park DG5 4NE>01556 611393"""""
-3.0725,55.8735,"""Dalkeith - Lothianbridge Caravan Park EH22 4TP>0131 663 6120"""""
-4.188,51.1841,"""Damage Barton - Damage Barton Caravan & Camping Site EX34 7EJ>01271 870502"""""
1.5501,52.2671,"""Darsham - Mill Hill Farm Caravan & Campsite IP17 3BS>01728 668555"""""
-1.6935,54.5963,"""Dartington - Country View Caravan & Camping Site DL2  2UP>01388 832418"""""
-3.6689,50.3571,"""Dartmouth - Woodland Grove Caravan & Camping Park TQ9 7DQ>01803 712598"""""
-3.4588,50.6136,"""Dawlish - Cofton Holidays EX6 8RP>01626 890111"""""
-3.4568,50.5947,"""Dawlish - Ladys Mile Holiday Park EX7  0LX>01626 863411"""""
-3.4497,50.5939,"""Dawlish - Leadstone Camping EX7 0NG>01626 864411"""""
0.2818,51.9486,"""Debden - Hamperden End Caravan Site CB11 3NA>01279 850309"""""
-2.4577,54.2776,"""Dent - High Laning Farm Caravan & Camping Site LA10 5QJ>01539 625239"""""
0.4953,52.8441,"""Dersingham - Pinecones Caravan and Camping PE31 6WL>01485 544224"""""
-3.8385,52.388,"""Devils Bridge - Erwbarfe Farm Caravan Park SY23 3JR>01970 890358"""""
-3.8454,52.3789,"""Devils Bridge - Woodlands Caravan Park SY23 3JW>01970 890233"""""
1.1538,52.3647,"""Diss - The Willows Camping & Caravan Park IP21 4DH>01379 740271"""""
0.6925,52.8699,"""Docking - The Garden Caravan Site PE31 8SR>07788 438 968"""""
0.6667,52.8867,"""Docking - The Rickels Caravan & Camping Site PE31 8PU>01485 518671"""""
-3.8895,52.7568,"""Dolgellau - Vanner Abbey Farm Site LL40 2HE>01341 422854"""""
1.3491,51.1692,"""Dover - Keat Farm (Caravans) Ltd CT15 5LA>01304 852658"""""
1.3483,51.1971,"""Dover - Sutton Vale Country Park CT15 5DH>01304 374155"""""
0.4779,52.5994,"""Downham Market - Woodstock Farm PE33 9BE>01366 500559"""""
-3.5388,51.0869,"""Dulverton - Exe Valley Caravan Site TA22 9JN>01643 851432"""""
-3.5739,51.096,"""Dulverton - Halse Farm Caravan and Tent Park TA24 7JL>01643 851259"""""
-2.542,55.9983,"""Dunbar - Belhaven Bay Camping & Caravan Park EH42 1TU>01368 865956"""""
-3.4228,58.2511,"""Dunbeath - Inver Caravan Park KW6 6EH>01593 731441"""""
-3.6012,56.5598,"""Dunkeld - Invermill Farm Caravan Park PH8  0JR>01350 727477"""""
1.6304,52.2629,"""Dunwich - Cliff House Holiday Park IP17 3DQ>01728 648282"""""
-4.0834,52.7823,"""Dyffryn Ardudwy - Parc Isaf LL44 2RJ>01341 247447"""""
-2.9334,51.2755,"""East Brent - Dulhorn Farm Holiday Park BS24 0JQ>01934 750298"""""
1.2713,52.9372,"""East Runton - Woodhill Park NR27 9PX>01263 512242"""""
-3.2588,55.0575,"""Ecclefechan - Cressfield Caravan Park DG11 3DR>01576 300702"""""
-3.0074,55.9505,"""Edinburgh - Drummohr Caravan Park EH21 8JS>0131 665 6867"""""
-3.4334,55.9121,"""Edinburgh - Linwater Caravan Park EH53 0HT>0131 333 3326"""""
-3.1805,55.9022,"""Edinburgh - Mortonhall Caravan Park EH16 6TJ>0131 664 1533"""""
-0.0305,51.6296,"""Edmonton - Lee Valley Camping & Caravan Edmonton N9 0AR>020 8803 6900"""""
-2.8622,56.1942,"""Elie - Elie Holiday Park KY9 1HB>01333 330283"""""
-7.7627,54.4342,"""Enniskillen (Co. Fermanagh) - Blaney Caravan Park BT93 7ER>028 686 41634"""""
-0.7808,53.5247,"""Epworth - Epworth Fields Holiday Park DN9 1JA>01427 338345"""""
-3.2648,54.3986,"""Eskdale - Eskdale Campsite CA19 1TH>01946 723253"""""
-3.1144,55.4373,"""Ettrick Valley - Honey Cottage Caravan Park TD7 5HU>01750 62246"""""
-1.835,52.0983,"""Evesham - Ranch Caravan Park WR11 7PR>01386 830744"""""
-3.3836,50.6991,"""Exeter - Brooklands EX5 1EL>01395 239486"""""
-3.4149,50.7059,"""Exeter - Crealy Theme Park & Resort EX5 1DR>01395 234888"""""
-3.6814,51.1448,"""Exford - Westermill Farm TA24 7NJ>01643 831216"""""
0.8528,52.8212,"""Fakenham - Fakenham Racecourse Ltd NR21 7NY>01328 862388"""""
-5.1277,50.1966,"""Falmouth - Cosawes Park TR3 7QS>01872 863724"""""
-5.0935,50.1435,"""Falmouth - Menehay Farm Touring Park TR11 5BY>01326 372550"""""
-5.0998,50.1325,"""Falmouth - Tregedna Farm Campsite TR11 5HL>01326 250529"""""
-1.2313,50.8585,"""Fareham - Drove Lea Farm PO15 5DX>01329 841864"""""
1.3302,51.9542,"""Felixstowe - Peewit Caravan Park IP11 2HB>01394 284511"""""
-3.9546,52.0894,"""Ffarmers - Maesbach Caravan & Camping Park SA19 8EX>01558 650650"""""
-0.2939,54.2002,"""Filey - Centenary Way Camping & Caravan Park YO14 0HU>01723 516415"""""
-0.3336,54.2346,"""Filey - Crows Nest Caravan Park YO14 9PS>01723 582206"""""
-4.2428,56.069,"""Fintry - Campsie Glen Holiday Park G63 0LP>01360 860399"""""
-4.9375,52.0051,"""Fishguard - Fishguard Bay Caravan & Camping Park SA65 9ET>01348 811415"""""
-4.9963,51.9833,"""Fishguard - Tregroes Caravan"""""
-0.1372,54.1319,"""Flamborough - Wold Farm YO15 1AT>01262 850536"""""
-1.7581,50.9247,"""Fordingbridge - Gorse Farm SP6 2JH>01425 653250"""""
-2.4304,51.772,"""Forest of Dean - Severn Valley Touring Caravan & Camping Site GL14 1EJ>01594 516537"""""
-2.8236,56.6464,"""Forfar - Foresterseat Caravan Park DD8  2RY>01307 818880"""""
-4.6793,57.1436,"""Fort Augustus - Lochness Highland Resort PH32 4BG>07771 852797"""""
-5.0713,56.8045,"""Fort William - Glen Nevis Caravan & Camping Park PH33 6SX>01397 702191"""""
-5.0727,56.8413,"""Fort William - Lochy Caravan & Camping Park PH33 7NF>01397 703446"""""
-4.1174,57.5794,"""Fortrose - Fortrose Bay Campsite IV10 8RX>01381 621927"""""
-4.665,50.3421,"""Fowey - Penhale Caravan & Camping Park PL23 1JU>01726 833425"""""
-4.6243,50.344,"""Fowey - Penmarlam Caravan & Camping Park PL23 1LZ>01726 870088"""""
-2.8614,53.7469,"""Freckleton - Donkey Creek Farm Caravan Park PR4 1UN>01772 631323"""""
-2.6974,53.2751,"""Frodsham - Lady Heyes Park WA6  6SU>01928 788557"""""
-2.3192,51.1979,"""Frome - Seven Acres BA11 5EQ>01373 464222"""""
-5.7009,57.7324,"""Gairloch - Gairloch Caravan & Camping Park IV21 2BX>01445 712373"""""
-5.7639,57.7405,"""Gairloch - Sands Caravan and Camping IV21 2DL>01445 712152"""""
-2.7965,53.8983,"""Garstang - Gibsons Farm PR3 0JB>01995 606202"""""
-2.7872,53.9164,"""Garstang - Meadow View PR3 0JP>01995 604511"""""
-4.1903,54.8807,"""Gatehouse of Fleet - Anwoth Holiday Park DG7 2JU>01556 506200"""""
-4.2802,54.8431,"""Gatehouse of Fleet - Auchenlarie Holiday Park DG7 2EX>01556 506200"""""
-2.2667,53.9168,"""Gisburn - Rimington Caravan Park BB7 4EE>01200 445355"""""
-4.1442,55.8847,"""Glasgow - Red Deer Village Holiday Park G33 6FQ>0141 7794159"""""
-2.6849,51.1504,"""Glastonbury - Old Oaks Camping & Glamping BA6 8JS>01458 831437"""""
-5.0686,56.6706,"""Glencoe - Red Squirrel Campsite PH49 4HX>01855 811256"""""
-5.2072,56.0324,"""Glendaruel - Glendaruel Caravan Park PA22 3AB>01369 820267"""""
-4.5778,55.0646,"""Glentrool - Glentrool Camping and Caravan Site DG8 6RN>01671 840280"""""
-2.3088,51.7878,"""Gloucester - Gables Farm Caravan & Camping Site GL2 7ND>01452 720331"""""
-2.3055,51.9398,"""Gloucester - Stone End House Farm GL19 3BX>01452 700254"""""
-0.859,53.7661,"""Goole - Brenda House Touring Caravan Park DN14 7LD>01430 431189"""""
-4.2677,51.6174,"""Gower - Phillistone Farm SA3 1DE>07967 820990"""""
-4.2597,51.5668,"""Gower - Pitton Cross Caravan & Camping Park SA3 1PT>01792 390593"""""
-2.9374,54.2317,"""Grange-over-Sands - Greaves Farm Caravan Park LA11 6HR>01539 536587"""""
-0.6704,52.9613,"""Grantham - Wagtail Country Park NG32 2HU>01400 251123"""""
-3.6148,57.3351,"""Grantown - Grantown-on-Spey Caravan Park PH26 3JQ>01479 872474"""""
-1.1548,54.4472,"""Great Broughton - The Jet Miners Inn Caravan & Camping Site TS9 7EF>07810 118590"""""
-1.1438,54.4561,"""Great Broughton - White House Farm Caravan Park TS9 7DF>01642 712148"""""
-2.8515,53.8557,"""Great Eccleston - Part Raikes Farm PR3 0XA>01995 672838"""""
1.7157,52.6677,"""Great Yarmouth - The Grange Touring Park NR29 3QG>01493 730306"""""
-2.4501,54.9814,"""Haltwhistle - Herding Hill Farm Caravan & Camping NE49 9NW>01434 320175"""""
-6.7659,57.8524,"""Harris - Minch View Camp Site HS3 3DX>01859 511207"""""
-1.5013,53.9826,"""Harrogate - Harrogate Caravan Park HG2 8NZ>01423 546145"""""
-1.5602,54.0368,"""Harrogate - Ripley Caravan Park HG3 3AU>01423 770050"""""
-0.9839,53.5497,"""Hatfield(S.Yorks) - Beech Tree Lakes DN7 6BY>01302 350092"""""
-1.6475362,52.693465,"""Haunton - Syerscote Meadow Caravan and Campsite B79 9HB>01827 373218"""""
-5.0742,51.873,"""Haverfordwest - Brandy Brook Caravan Site SA62 6HE>01437 711030"""""
-2.203,54.3224,"""Hawes - Shaw Ghyll DL8 3LY>01969 667359"""""
-1.9332,53.8147,"""Haworth - Upwood Holiday Park BD22 9SS>01535 644242"""""
-5.4167,50.2001,"""Hayle - Beachside Holiday Park TR27 5AW>01736 753080"""""
-5.3861,50.2226,"""Hayle - Churchtown Farm Caravan & Camping Site TR27 5BX>01736 753219"""""
-5.3476,50.194,"""Hayle - Higher Trevaskis Caravan & Camping Park TR27 5JQ>01209 831736"""""
-5.3512,50.1813,"""Hayle - Parbola Holiday Park TR27 5HA>01209 831503"""""
-5.4012,50.1988,"""Hayle - St Ives Bay Holiday Park TR27 5BH>01736 752274"""""
-5.3887,50.1802,"""Hayle - Treglisson Touring Park TR27 5JT>01736 753141"""""
-1.0753,54.2102,"""Helmsley - Golden Square Caravan Park YO62 5YQ>01439 788269"""""
-0.9733,54.2418,"""Helmsley - Wombleton Caravan Park YO62 7RY>01751 431684"""""
-5.368,50.125,"""Helston - Boscrege Caravan & Camping Park TR13 9TG>01736 762231"""""
1.7051,52.6996,"""Hemsby - Long Beach Estate NR29 4JD>01493 730023"""""
-0.2676,50.9031,"""Henfield - Farmhouse Caravan & Camping Site BN5 9XZ>01273 493157"""""
-0.9025,51.5448,"""Henley-on-Thames - Swiss Farm Touring & Camping RG9 2HY>01491 573419"""""
-2.6311,52.0221,"""Hereford - Lucksall Caravan & Camping Park HR1 4LP>01432 870213"""""
1.1146,51.3412,"""Herne Bay - Braggs Lane Farm CT6 7NP>01227 367261"""""
-2.0969,55.0047,"""Hexham - Fallowfield Dene C & C Park NE46 4RP>01434 603553"""""
-2.1281,54.9552,"""Hexham - Hexham Racecourse Caravan Site NE46 2JP>01434 606847"""""
-2.4522,54.1188,"""High Bentham - Lowther Hill Caravan Park LA2 7FH>01524 261657"""""
-2.5079,54.1138,"""High Bentham - Riverside Caravan Park LA2 7FJ>015242 61272"""""
0.0024,51.7532,"""Hoddesdon - Lee Valley Caravan Park EN11 0AS>03000 030619"""""
0.074,52.8023,"""Holbeach - Delph Bank Touring Park PE12 8LL>01406 422910"""""
-3.196,51.1733,"""Holford - Moorhouse Campsite TA5 1SP>01278 741295"""""
1.1502,52.8892,"""Holt - Baconsthorpe Meadows Campsite NR25 6LF>07884 432412"""""
1.0583,52.8511,"""Holt - Pineview Caravan Park NR24 2AD>01263 862302"""""
-3.3215,53.2815,"""Holywell - Pheasants Way Caravan Park CH8 8RZ>01745 570359"""""
-1.7387,53.3335,"""Hope - Eden Tree Caravan Park S33 9JT>01433 623444"""""
-1.7341,53.3451,"""Hope - Laneside Caravan Park S33 6RR>01433 620215"""""
-3.4401,57.7082,"""Hopeman - West Beach Caravan Park IV30 5RU>01343 830880"""""
0.2431,50.933,"""Horam - Horam Manor Touring Park TN21 0YD>01435 813662"""""
0.25,50.9302,"""Horam - Woodland View Caravan Park TN21 0HR>01435 813597"""""
-0.3962,51.0362,"""Horsham - Sumners Ponds Fishery & Campsite RH13 0PR>01403 732539"""""
-1.9375,50.8646,"""Horton - Meadow View BH21 7JH>01258 840040"""""
-0.1187,52.3244,"""Huntingdon - Quiet Waters Caravan Park PE28 9AJ>01480 463405"""""
-0.2039,52.3212,"""Huntingdon - Willows Park & Marina PE28 4NE>01480 437566"""""
-0.1358,52.3355,"""Huntingdon - Wyton Lakes Holiday Park PE28 2AA>01480 412715"""""
-2.7866,57.4526,"""Huntly - Huntly Castle Caravan Park AB54 4UJ>01466 794999"""""
-0.8231,51.5458,"""Hurley(Berks) - Hurley Riverside Park SL6 5NE>01628 824493"""""
-1.8192941,50.796564,"""Hurn - Fillybrook Farm BH23 6AW>01202 478266"""""
-4.1016,51.2037,"""Ilfracombe - Hele Valley Holiday Park EX34 9RD>01271 862460"""""
-4.1363,51.1797,"""Ilfracombe - Little Shelfin Farm Campsite EX34 8NZ>01271 862449"""""
-4.063,51.2044,"""Ilfracombe - Mill Park Touring Caravan & Camping Site EX34 9SH>01271 882647"""""
-4.1253,51.1576,"""Ilfracombe - Pipcott Fields EX34 8NF>01271 862595"""""
-4.14664,51.1728,"""Ilfracombe - Sunnymead Farm Camping & Touring EX34 8NZ>01271 879845"""""
-2.4885,54.1553,"""Ingleton - Thornbrook Barn LA6 3PD>01524 241432"""""
0.3417,53.1723,"""Ingoldmells - Skegness Water Leisure Park PE25 1JF>01754 899400"""""
-4.8296,57.0754,"""Invergarry - Faichemard Farm Camping & Caravan Site PH35 4HG>01809 501314"""""
1.1365,51.9739,"""Ipswich - Alton Water Campsite IP9  2RY>01473 328268"""""
1.2915,52.0228,"""Ipswich - The Oaks Caravan Park IP10 0BT>01394 448837"""""
-5.294,55.523,"""Isle of Arran - Bridgend Cottages KA27 8EN>01770 860597"""""
-5.1307,55.4427,"""Isle of Arran - Seal Shore Camping & Touring Site KA27 8SE>01770 820320"""""
-6.034,56.5351,"""Isle of Mull - Crannich Touring Site PA72 6JP>01680 300495"""""
-5.6956,56.4692,"""Isle of Mull - Shieling Holidays Mull Ltd PA65 6AY>01680 812496"""""
-6.1817,57.4261,"""Isle of Skye  - Torvaig Caravan & Camping IV51 9HU>01478 611849"""""
-2.632,55.5207,"""Jedburgh - Ashieview Stud TD8 6UN>01835 830592"""""
-3.0666,58.6444,"""John OGroats - John O Groats Caravan & Camping Site KW1 4YR>01955 611329"""""
-3.0992,58.6423,"""John OGroats - Stroma View KW1 4YL>01955 611313"""""
-2.7377,54.3014,"""Kendal - Natland Park LA9 7QD>01539 721115"""""
-2.8139,54.3494,"""Kendal - Pound Farm Caravan Park LA8 8JZ>01539 821220"""""
-2.6724,54.3151,"""Kendal - The Ashes Exclusively Adult LA8 0AS>07384 757195"""""
-5.1658,50.0093,"""Kennack Sands - Silver Sands Holiday Park TR12 7LZ>01326 290631"""""
-3.1114,54.5943,"""Keswick - Castlerigg Hall Caravan & Camping Park CA12 4TE>01768 774499"""""
-1.2913,51.8571,"""Kidlington - Greenhill Leisure Park OX5 3BQ>01869 351600"""""
-4.2532,56.4939,"""Killin - Cruachan Caravan & Camping Site FK21 8TY>01567 820302"""""
0.4374,52.7198,"""Kings Lynn - Kings Lynn Caravan & Camping Park PE33 0RA>01553 840004"""""
0.5713,52.6904,"""Kings Lynn - Pentney Country Club Caravan Park PE32 1JD>07853 864810"""""
0.5343,52.7825,"""Kings Lynn - The Anvil Inn PE32 1DU>01485 600625"""""
-3.7684,50.3107,"""Kingsbridge - Island Lodge Caravan & Camping Site TQ7 4BL>01548 852956"""""
-3.8387,50.2394,"""Kingsbridge - Karrageen Caravan & Camping Park TQ7 3EN>01548 561230"""""
-3.7863,50.3014,"""Kingsbridge - Parkland Caravan & Camping Site TQ7 4AF>01548 852723"""""
-3.4389,56.2186,"""Kinross - Gallowhill Camping & Caravan Park KY13 0RD>01577 862364"""""
-2.5748,54.1908,"""Kirkby Lonsdale - New House Caravan Park LA6 2HR>015242 71590"""""
-2.5841,54.1989,"""Kirkby Lonsdale - Woodclose Park LA6 2SE>01524 271597"""""
-2.3518,54.4622,"""Kirkby Stephen - Pennine View Caravan & Camping Park CA17 4SZ>017683 71717"""""
-4.6988,54.9532,"""Kirkcowan - Three Lochs Holiday Park DG8 0EP>01671 830304"""""
-4.0966,54.7871,"""Kirkcudbright - Solway View DG6 4TR>01557 870206"""""
-4.4228,54.8313,"""Kirkinner - Drumroamin Farm DG8 9DB>01988 840613"""""
-3.1467,55.0236,"""Kirkpatrick Fleming - King Robert The Bruces Cave DG11 3AT>01461 800285"""""
-0.6096,53.4632,"""Kirton-in-Lindsey - Larkrise Holiday Site DN21 4EN>07730 927710"""""
-1.4893,54.0366,"""Knaresborough - Kingfisher Caravan Park HG5 9JB>01423 869411"""""
-2.1265,51.4123,"""Lacock - Piccadilly Caravan Park SN15 2LP>01249 730260"""""
-5.5308,57.8668,"""Laide - Gruinard Bay Caravan Park and Camping IV22 2ND>01445 731556"""""
-2.7284,53.9473,"""Lancaster - Fell View Park PR3 1DA>01524 791283"""""
-2.7458,54.0721,"""Lancaster - New Parkside Farm Caravan Park LA2 9HH>01524 770723"""""
-1.6212,50.963,"""Landford - Greenhill Farm Caravan & Camping Park SP5 2AZ>01794 324117"""""
-5.6371,50.0935,"""Lands End - Cardinney Caravan & Camping Park TR19 6HX>01736 810880"""""
-2.8362,51.0568,"""Langport - Bowdens Crest Holiday Caravan & Camping Park TA10 0DD>01458 250553"""""
-2.8962,56.2239,"""Largo - Forth House Caravan Site KY8 6JE>01333 360231"""""
-1.7139,52.5404,"""Lea Marston - Reindeer Park Lodge B76 0DE>01675 470811"""""
-1.4584,53.8773,"""Leeds - Glenfield Caravan Park LS17 9DZ>01937 574657"""""
-1.4447,53.8835,"""Leeds - Moor Lodge Caravan Park LS17 9DZ>01937 572424"""""
-2.0269,53.0685,"""Leek - Glencote Caravan Park ST13 7EE>01538 360745"""""
1.5724,52.2127,"""Leiston - Apple Fields IP16 4RE>01728 833501"""""
1.6211,52.2029,"""Leiston - Beach View Holiday Park IP16 4TU>01728 830724"""""
1.5593,52.2174,"""Leiston - Cakes & Ale Park IP16 4TE>01728 831655"""""
-4.4619,57.3285,"""Lewiston - Loch Ness Bay Camping IV63 6XN>01456 450544"""""
-1.7525,54.3151,"""Leyburn - Constable Burton Hall Caravan Park DL8 5LJ>01677 450428"""""
-1.814,54.3017,"""Leyburn - Craken House Farm DL8 5HF>01969 623192"""""
0.9267,51.3948,"""Leysdown - Priory Hill Holiday Park ME12 4QT>01795 510267"""""
-0.5831,53.2156,"""Lincoln - Hartsholme Country Park LN6 0EY>01522 873578"""""
-3.589,55.9569,"""Linlithgow - Beecraigs Caravan & Camping Visitor Centre EH49 6PL>01506 284516"""""
-3.6157,55.9808,"""Linlithgow - Loch House Farm Caravan Park EH49 7RG>01506 848283"""""
-4.4276,50.4836,"""Liskeard - Fursdon Farm PL14 5AG>01579 342403"""""
-5.1111,51.7551,"""Little Haven - Little Haven Retreat SA62 3SJ>01437 781300"""""
-5.0765,51.7785,"""Little Haven - South Cockett Caravan & Camping Park SA62 3TU>01437 781296"""""
-2.8255,52.5226,"""Little Stretton - Small Batch SY6 6PW>01694 723358"""""
-2.0854,53.6281,"""Littleborough - Hollingworth Lake Caravan Park OL15 0AS>01706 378661"""""
-4.3104,52.1927,"""Llanarth - Llanina Touring Caravan Site SA47 0NP>07432 468626"""""
-3.3975,52.2007,"""Llandrindod Wells - Dalmore Caravan Park LD1 5RG>01597 822483"""""
-3.1543,52.9748,"""Llangollen - Wern Isaf Farm LL20 8DU>01978 860632"""""
-3.2687,51.9405,"""Llangorse - Llynfi Holiday Park LD3 7TR>01874 658283"""""
-4.6468,52.852,"""Llangwnnadl - Ty Mawr Caravan Park LL53 8EH>01248 351537"""""
-3.5513,52.46,"""Llanidloes - Red Kite Touring Park SY18 6NG>01686 412122"""""
-4.1621,52.3043,"""Llanrhystyd - Morfa Caravan Park SY23 5BU>01974 202253"""""
-3.7895,53.1351,"""Llanrwst - Bodnant Caravan Park LL26 0SD>01492 640248"""""
-4.2602,53.3573,"""Lligwy - Dafarn Rhos Caravan & Camping Site LL72 8NN>01248 410607"""""
-4.2754,53.3615,"""Lligwy - Tyddyn Isaf Camping & Caravan Park LL70 9PQ>01248 410203"""""
-4.2644,53.3527,"""Lliwgy Bay - Bodafon Group Holiday Parks LL70 9HQ>01248 852417"""""
0.0833,52.7787,"""Long Sutton - Laurel Park Campsite PE12 0DJ>07917 877050"""""
-2.993,55.0069,"""Longtown - High Gaitle Caravan Park CA6  5LU>01228 791819"""""
-4.5028,50.3601,"""Looe - Camping Caradon Touring Park PL13 2NA>01503 272388"""""
-4.4149,50.3737,"""Looe - Looe Country Park Caravan & Camp Site PL13 1QS>01503 240265"""""
-4.4838,50.3462,"""Looe - Tencreek Holiday Park PL13 2JR>01503 262447"""""
-4.517,50.3625,"""Looe - Trelay Holiday Park PL13 2JX>01503 220900"""""
-3.3348,57.722,"""Lossiemouth - Silver Sands Holiday Village IV31 6SP>01343 813262"""""
-4.6978,50.4008,"""Lostwithiel - Eden Valley Holiday Park PL30 5BU>01208 872277"""""
-2.7134,52.3399,"""Ludlow - Ludlow Touring Park SY8 4AD>01584 878788"""""
-2.6195,51.7426,"""Lydney - Forest & Wye Valley Campsite GL15 6QU>01594 530777"""""
-2.9434,53.7534,"""Lytham St Annes - Eastham Hall Holiday Park FY8 4LS>01253 737907"""""
-2.9129,53.8148,"""Lytham St Annes - The Little Orchard Caravan Park PR4 3HN>01253 836658"""""
0.2676,53.3266,"""Mablethorpe - Kirkstead Holiday Park LN12 2QD>01507 441483"""""
0.2519,53.3152,"""Mablethorpe - Spring Holiday Estates LN12 2QQ>01507 441384"""""
-2.2936,53.2282,"""Macclesfield - Strawberry Wood Caravan Park SK11 9DU>01477 571407"""""
-2.4358,57.6645,"""Macduff - Wester Bonnyton Farm AB45 3EP>01261 832470"""""
-5.719,55.4245,"""Machrihanish - Machrihanish Holiday Park PA28 6PT>01586 810366"""""
-3.9013,52.584,"""Machynlleth - Gwerniago Camping Site SY20 9JX>01654 791227"""""
-3.9109,52.5685,"""Machynlleth - Morben Isaf Holiday Home & SY20 8SR>01654 781473"""""
-4.8006,51.6559,"""Manorbier - Tudor Glen Caravan Park SA70 7SS>01834 871417"""""
-5.4101,50.1067,"""Marazion - Kenneggy Cove TR20 9AU>01736 763453"""""
-5.4636,50.1312,"""Marazion - Wheal Rodney Holiday Park TR17 0HL>01736 710605"""""
0.0836,52.52,"""March - Fenland Camping and Caravan Park PE15 0RW>01354 740354"""""
0.0288,52.4991,"""March - Fields End Water Caravan Park PE15 0TY>01354 740199"""""
-2.4352,52.8619,"""Market Drayton - Wharf Caravan Park TF9  2LP>01630 661226"""""
-1.0378,52.5072,"""Market Harborough - Barford Top Camping & Caravan Site LE8 0QP>07971 304536"""""
-0.9095,52.4504,"""Market Harborough - Waterloo Farm Leisure LE16 8NB>01858 434098"""""
-0.3197,53.4019,"""Market Rasen - Walesby Woodlands Caravan Park LN8 3UN>01673 842353"""""
-1.5598,54.0799,"""Markington - The Yorkshire Hussar Inn HG3 3NR>01765 677327"""""
-5.2386,51.7337,"""Marloes - West Hook Farm SA62 3BJ>01646 636424"""""
-1.3912,52.31,"""Marton (Warks) - Lairhillock Touring Park CV23 9TP>01926 632119"""""
-3.4874,54.717,"""Maryport - Netherhall Park CA15 6NT>01900 814154"""""
-1.4887,53.1349,"""Matlock - Lickpenny Caravan Park DE4 5GF>01629 583040"""""
-1.6474,53.1157,"""Matlock - Middle Hills Farm DE4 4HY>01629 650368"""""
-1.5157,53.1332,"""Matlock - Packhorse Farm Bungalow DE4 5LF>01629 582781"""""
-5.027,50.4646,"""Mawgan Porth - Marver Holiday Park TR8 4BB>01637 860493"""""
-5.0127,50.4614,"""Mawgan Porth - Sun Haven Valley Country Holiday Park TR8 4BQ>0800 634 6744"""""
-2.2527,51.0712,"""Mere - Two Counties Farm BA12 6BJ>01747 860156"""""
-1.6646,52.4342,"""Meriden - Somers Wood Caravan Park CV7 7PL>01676 522978"""""
0.9863,51.7895,"""Mersea Island - Fen Farm Caravan & Camping Site CO5 8FE>01206 383275"""""
0.949,51.78,"""Mersea Island - Waldegraves Family Holiday Park CO5 8SE>01206 382898"""""
-4.8108,50.2883,"""Mevagissey - Heligan Woods Caravan & Camping Park PL26 6EL>01726 842714"""""
-4.822,50.2413,"""Mevagissey - Treveor Farm Campsite PL26 6LW>01726 842387"""""
-2.0635,54.6182,"""Middleton-in-Teesdale - Leekworth Caravan Park DL12 0TL>01833 640842"""""
-2.4463,53.2133,"""Middlewich - Yatehouse Farm Caravan Park CW10 9NS>01606 833125"""""
-2.7618,54.1934,"""Milnthorpe - Fell End Holiday Park LA7 7BS>01524 917311"""""
-2.7632,54.1871,"""Milnthorpe - Hall More Caravan Park LA7 7BP>01524 917311"""""
-0.7326,52.0493,"""Milton Keynes - Gullivers Meadow Campsite MK15 0DT>01925 444888"""""
0.8363,51.4167,"""Minster - Plough Leisure Park ME12 4JF>01795 872895"""""
-0.8509,53.4505,"""Misterton - White House Farm DN10 4BA>01427 890482"""""
-3.8485,50.349,"""Modbury - Pennymoor Camping & Caravan Site PL21 0SB>01548 830542"""""
-4.2429,53.3441,"""Moelfre - Nant Bychan Farm LL72 8HF>01248 410269"""""
-3.216,53.2098,"""Mold - Fron Farm CH7 5QW>01352 741482"""""
-2.8187,56.4792,"""Monifieth - Tayview Caravan & Camping Site DD5 4GH>01382 532837"""""
-2.8617,54.0588,"""Morecambe - Glen Holiday Caravan Park LA3 3NR>01524 423896"""""
-4.201,51.1875,"""Mortehoe - North Morte Farm Caravan & Camping Park EX34 7EG>01271 870381"""""
-2.658,52.5827,"""Much Wenlock - Walnut Cottage Caravan Park SY5  6NS>01746 785188"""""
-4.0702,55.5165,"""Muirkirk - Muirkirk Caravan Park KA18 3QQ>07515 721785"""""
-5.218,50.0384,"""Mullion - Franchis Holidays TR12 7AZ>01326 240301"""""
-5.2152,50.0592,"""Mullion - Skyburriowe Farm TR12 6LR>01326 221646"""""
-5.2492,50.0034,"""Mullion - Teneriffe Farm Campsite TR12 7EZ>01326 240293"""""
0.2616,53.2422,"""Mumby - The Nurseries Adults Only Caravan Park LN13 9JZ>07585 964511"""""
-1.5388,50.9393,"""New Forest - Green Pastures Camping & Touring Park SO51 6AJ>02380 814444"""""
-1.7327,50.8832,"""New Forest - Red Shoot Camping Park BH24 3QT>01425 473789"""""
0.9666,50.9767,"""New Romney - New Romney Caravan Park TN28 8PB>01797 362247"""""
-0.8066,53.1507,"""Newark - Milestone Caravan Park NG23 6JE>01636 821244"""""
-0.8172,53.0932,"""Newark-on-Trent - Smeatons Lakes Caravan & Fishing Park NG23 6ED>01636 605088"""""
1.3031,52.0413,"""Newbourne - Steadings Park IP12 4NS>01473 736505"""""
-1.2789,51.3633,"""Newbury - Bishops Green Farm  Ltd RG20 4JP>01635 268365"""""
-4.5285158,52.045301,"""Newcastle Emlyn - Argoed Meadow Camping SA38 9JL>01239 710690"""""
-4.5276,52.0497,"""Newcastle Emlyn - Cenarth Falls Holiday Park SA38 9JS>01239 710345"""""
0.9215,51.0368,"""Newchurch - Norwood Farm Caravan & Camping Park TN29 0DU>01303 870465"""""
-5.1214,51.8619,"""Newgale - Newgale Farm SA62 6AS>07779 506742"""""
-3.0406345,51.525551,"""Newport - Ty Coch NP10 8SR>07983 615984"""""
-0.7328,53.7756,"""Newport (EYorkshire) - Sandholme Lodge Holiday Park HU15 2QQ>01430 440487"""""
-4.9875,50.3653,"""Newquay  - Carvynick Holiday Park TR8 5AF>01872510716"""""
-5.0511,50.401,"""Newquay  - Hendra Holiday Park TR8 4NY>01637 875778"""""
-5.091,50.3518,"""Newquay  - Monkey Tree Holiday Park TR8 5QR>01872 572032"""""
-5.0998,50.3485,"""Newquay  - Newperran Holiday Park TR8 5QJ>01872 572407"""""
-5.0431,50.4306,"""Newquay  - Newquay View Resort TR8 4AS>01637 851851"""""
-5.0485,50.4254,"""Newquay  - Porth Beach Tourist Park TR7 3NH>01637 876531"""""
-5.0151,50.4316,"""Newquay  - Treloy Touring Park TR8 4JN>01637 876279"""""
-5.0269,50.3972,"""Newquay  - Trethiggey Touring Park TR8 4QR>01637 877672"""""
-5.0944,50.3954,"""Newquay  - Trevella Caravan & Camping Park TR8 5EW>01637 830308"""""
-5.1302,50.3836,"""Newquay  - Trevornick Holiday Park TR8 5PW>01637 830531"""""
-5.0288,50.4484,"""Newquay  - Watergate Bay Touring Park TR8 4AD>01637 860387"""""
-3.6285,50.4917,"""Newton Abbot - Ross Park TQ12 5TT>01803 812983"""""
-3.6206,50.5512,"""Newton Abbot - Twelve Oaks Farm Holiday Park TQ12 6QT>01626 335015"""""
-1.541255,54.609056,"""Newton Aycliffe - The Hammer and Pincers DL5 6JH>07984 930784"""""
-4.1288,57.0569,"""Newtonmore - Spey Bridge Caravan Site PH20 1BB>01540 673275"""""
-5.0803,51.8135,"""Nolton - Nolton Cross Caravan Park SA62 3NP>01437 710701"""""
-1.6383,50.9549,"""Nomansland - Carron SP5 2BU>01794 390428"""""
-2.6905,56.0551,"""North Berwick - Tantallon Caravan Park EH39 5NJ>01620 893348"""""
-0.7247,53.1903,"""North Scarle - North Scarle Playing Field LN6 9ER>01522 778781"""""
1.4266,52.8312,"""North Walsham - Stoney Brook Caravan Site NR28 9SL>01692 402337"""""
-1.4615,54.3456,"""Northallerton - Parklands DL7 0LQ>01609 779140"""""
-0.8178,52.2463,"""Northampton - Billing Aquadrome Ltd NN3 9DA>01524 917311"""""
0.616,51.008,"""Northiam - Rother Valley Caravan & Camping Park TN31 6QT>01797 253997"""""
-2.6016,53.2284,"""Northwich - Blakemere Touring Caravan Park CW8 2EB>01606 882822"""""
-2.2211,51.9301,"""Norton - The Red Lion Caravan Park GL2 9LW>01452 731810"""""
-5.4125,56.5006,"""Oban - Highfield Holidays PA37 1QS>01631 720262"""""
-5.3974,56.4778,"""Oban - North Ledaig Caravan Club Site PA37 1RU>01631 710291"""""
-4.0594,50.7053,"""Okehampton - Bundu Camping & Caravan Park EX20 4HT>01837 861747"""""
-2.8888971,53.608956,"""Ormskirk - The Farm L40 0RT>01704 892247"""""
-1.2918,54.3753,"""Osmotherley - Cote Ghyll Caravan & Camping Park DL6 3AH>01609 883425"""""
-3.2791,50.658,"""Otterton - Ladram Bay Holiday Park EX9 7BX>01395 568398"""""
-1.2537,51.8488,"""Oxford - Diamond Caravan Park OX5 3DR>01869 350909"""""
0.3893,51.2027,"""Paddock Wood - The Hop Farm Touring & Camping Park TN12 6PY>01622 872068"""""
-5.015,50.5011,"""Padstow - Old MacDonalds Farm PL28 8LT>01841 540829"""""
-4.9463,50.527,"""Padstow - Padstow Touring Park PL28 8LE>01841 532061"""""
-4.9671,50.5201,"""Padstow - Tregavone Touring Park PL28 8JZ>01841 520148"""""
0.0192,52.6773,"""Parson Drove - Orchard View Caravan & Camping Park PE12 0LT>01945 700482"""""
-2.9362,54.5361,"""Patterdale - Side Farm CA11 0NL>01768 482337"""""
-2.9234,54.4979,"""Patterdale - Sykeside Camping Park CA11 0NZ>01768 482239"""""
-3.1939,55.663,"""Peebles - Crossburn Caravans EH45 8ED>01721 720501"""""
-2.9034,52.2253,"""Pembridge - The Leen HR6 9HN>01544 388305"""""
-3.3144,51.9139,"""Pencelli (Brecon) - Pencelli Castle Caravan & Camping LD3 7LX>01874 665451"""""
-2.0814,52.7107,"""Penkridge - Pillaton Hall Farm ST19 5RZ>01785 715177"""""
-3.9073,53.2722,"""Penmaenmawr - Trwyn yr Wylfa Camping Site LL34 6SF>01492 650672"""""
-2.6946,54.752,"""Penrith - Lazonby Swimming Pool and Camp Site CA10 1BL>01768 898346"""""
-2.7614,54.6707,"""Penrith - Thacka Lea Caravan Site CA11 9HX>01768 863319"""""
-4.7994,50.2992,"""Pentewan - Little Winnick Touring Park PL26 6DL>01726 843687"""""
-4.7825,50.2854,"""Pentewan - Pentewan Sands Holiday Park PL26 6BT>01726 843485"""""
-3.2941,52.2658,"""Pen-y-Bont - Dolswydd Caravan Park LD1 5UB>01597 851267"""""
-5.5223,50.1493,"""Penzance - Garris Farm TR20 8XD>01736 365806"""""
-5.1527,50.3191,"""Perranporth - Higher Golla Touring & Caravan Park TR4 9LZ>01872 573963"""""
-5.1067,50.3575,"""Perranporth - Higher Hendra Park TR4 9PS>01872 571496"""""
-5.1187,50.3371,"""Perranporth - Lakewell Touring & Camping Park TR4  9NX>01872 571500"""""
-1.8618,57.4271,"""Peterhead - Craighead Caravan Park AB42 0PL>01779 812251"""""
-4.0869,50.398,"""Plymouth - Riverside Caravan Park PL6 8LL>01752 344122"""""
-0.7697,53.9144,"""Pocklington - South Lea Caravan Park YO42 2NX>07989616095"""""
0.2572,50.8419,"""Polegate - Peel House Farm Caravan Park BN26 6QX>01323 845629"""""
-4.5286,50.3416,"""Polperro - Great Kellow Farm PL13 2QL>01503 272387"""""
-4.6234,50.3278,"""Polruan - Polruan Holidays - Camping & Caravanning PL23 1QH>01726 870263"""""
-4.8984,50.5741,"""Polzeath - Southwinds Caravan & Camping Park PL27 6QU>01208 863267"""""
-4.0606,51.7576,"""Pontardulais - River View Touring Park SA4 0FH>01269 844876"""""
-2.8114,54.611,"""Pooley Bridge - Hillcroft Park CA10 2LT>01768 486363"""""
-2.8362,54.6126,"""Pooley Bridge - Waterfoot Caravan Park CA11 0JF>01768 486302"""""
-3.5762,51.2048,"""Porlock - Burrowhayes Farm Caravan & Camping Site and Riding Stables TA24 8HT>01643 862463"""""
-4.2144,51.5542,"""Port Eynon - Bank Farm Caravan Park SA3 1LL>01792 390228"""""
-3.7058,51.497,"""Porthcawl - Brodawel Camping Park CF36 3EJ>01656 783231"""""
-3.7133,51.5023,"""Porthcawl - Parc Newydd Farm CF36 3EX>01656 782593"""""
-3.6861,51.4902,"""Porthcawl - The White Wheat CF36 5EH>07818 531153"""""
-4.1393,52.9225,"""Porthmadog - Tyddyn Llwyn Caravan Park LL49 9UR>01766 512205"""""
-5.2366,50.2727,"""Porthtowan - Porthtowan Tourist Park TR4 8TY>01209 890256"""""
-4.9857,50.1661,"""Portscatho - Trewince Farm TR2 5ET>01872 580430"""""
-1.1334,50.9244,"""Portsmouth/Fareham - Scotts Haven Campsite SO32 3QF>07703 189178"""""
1.5772,52.7116,"""Potter Heigham - Causeway Cottage Caravan Park NR29 5JB>01692 670238"""""
-3.3908,53.3364,"""Prestatyn - Nant Mill Touring Caravan & Tent Park LL19 9LY>01745 852360"""""
-3.0895,52.231,"""Presteigne - Walton Court LD8 2PY>01544 350259"""""
-2.7831,53.7798,"""Preston - Brylea Caravan Park PR4 0RN>01772 739633"""""
-2.657,50.6964,"""Puncknowle - Home Farm DT2 9BW>01308 897258"""""
-4.539,52.9207,"""Pwllheli - Plasyngheidio Touring Caravan & Pod Park LL53 8YL>01758 720327"""""
-4.4238,52.9296,"""Pwllheli - Rhosfawr Camping Site LL53 6YA>01766 810545"""""
-0.8678,51.6632,"""Radnage - Home Farm HP14 4DW>01494 484136"""""
1.3998,51.3343,"""Ramsgate - Nethercourt Touring Park CT11 0RX>01843 595485"""""
-3.456,54.3843,"""Ravenglass - Shepherds Views Holidays CA19 1XU>01946 729907"""""
-0.9458,51.3563,"""Reading - Wellington Country Park RG7 1SP>01189 326444"""""
-5.2459,50.2023,"""Redruth - Lanyon Holiday Park TR16 6LP>01209 313474"""""
-5.2515,50.2444,"""Redruth - Tehidy Holiday Park TR16 4JQ>01209 216489"""""
-5.2034,50.2593,"""Redruth - Wheal Rose Caravan & Camping Park TR16 5DD>01209 891496"""""
-4.5116,53.2347,"""Rhosneigr - Shoreside Caravans and Camping LL64 5QY>01407 810072"""""
-1.8535,50.8205,"""Ringwood - Back of Beyond Touring Park BH24 2SB>01202 876968"""""
-1.3897,53.0571,"""Ripley (Derbys) - Golden Valley Caravan and Camping Park DE55 4ES>01773 513881"""""
-1.4985,54.0869,"""Ripon - Church Farm HG3 3QQ>01765 676578"""""
-1.5636,54.1456,"""Ripon - Clotherholme Farm HG4 2RQ>01765 602818"""""
-1.5424,54.1329,"""Ripon - River Laver Holiday Park HG4 2QR>01765 690508"""""
-5.0817,51.8407,"""Roch - Rainbolts Hill Farm SA62 6AF>01437 710208"""""
-3.1577,55.8562,"""Roslin - Slatebarns Caravan Park EH25 9PU>07867 009915"""""
-2.5715,51.9181,"""Ross-on-Wye - Broadmeadow Caravan Park HR9  7BW>01989 768076"""""
-2.7238,51.8984,"""Ross-on-Wye - Trippenkennet HR2 8LZ>01981 580442"""""
-4.8317,56.8857,"""Roybridge - Bunroy Park PH31 4AG>01397 712332"""""
-1.9941,52.7521,"""Rugeley - Forest View WS15 2UF>01889 576642"""""
-1.1793,50.7094,"""Ryde - Roebeck Country Park PO33 4BP>01983 562505"""""
-1.1413,50.6981,"""Ryde - Whitefield Forest Touring Park PO33 1QJ>01983 617069"""""
-3.8331,50.2395,"""Salcombe - Bolberry House Farm Caravan & Camping TQ7 3DY>01548 561251"""""
-5.7208,56.7104,"""Salen - Resipole Holiday Park PH36 4HX>01967 431235"""""
-1.8602,51.0525,"""Salisbury - Coombe Caravan Park SP2 8PN>01722 328451"""""
-1.8944,51.162,"""Salisbury - Stonehenge Campsite SP3 4TQ>07786 734732"""""
-4.3037,50.4299,"""Saltash - Dolbeare Park PL12 5AF>01752 851332"""""
-1.1895,50.646,"""Sandown - Old Barn Touring Park PO36 9PJ>01983 866414"""""
-4.7141,51.7074,"""Saundersfoot - Griffithston Farm SA69 9ED>07866 744659"""""
-4.6924,51.7322,"""Saundersfoot - Mill House Caravan Park SA67 8LN>01834 812069"""""
-4.7151,51.7002,"""Saundersfoot - Moysland Farm Camping Site SA69 9DS>01834 812455"""""
-0.6991,53.2448,"""Saxilby - Lakeside Touring Caravans NG23 7DL>01522 703412"""""
1.4641,52.2364,"""Saxmundham - Lonely Farm Caravan and Camping site IP17 2QP>01728 663416"""""
1.493,52.1933,"""Saxmundham - Marsh Farm Caravan Site IP17 1HW>01728 602168"""""
1.4951,52.2211,"""Saxmundham - Saxmundham Sports & Rec Club IP17 1AT>07716 884322"""""
-0.3402,54.2248,"""Scarborough - Lebberston Touring  Park YO11 3PE>01723 585723"""""
-1.6715,54.4416,"""Scotch Corner - Scotch Corner Caravan Park DL10 6NS>01748 822530"""""
1.699,52.68,"""Scratby - Scratby Hall Caravan Park NR29 3SR>01493 730283"""""
-0.6875,53.5252,"""Scunthorpe - Grange Park Caravan Site DN17 3PP>01724 762945"""""
-3.1066,50.7245,"""Seaton (Devon) - Leacroft Touring Park EX24 6HY>01297 552823"""""
-0.8123,50.7363,"""Selsey - Warner Farm Touring & Camping Park PO20 9EL>01243 604499"""""
-2.2352,51.0083,"""Shaftesbury - Blackmore Vale Caravan Park (A30) SP7 9PX>01747 851523"""""
-1.191,50.6406,"""Shanklin  - Ninham Country Holidays PO37 7PJ>01983 864243"""""
-1.3126,53.344,"""Sheffield - Waleswood Caravan and Camping Park S26 5RN>07825 125328"""""
-1.0127,52.9682,"""Shelford - Shelford Nurseries Caravan Park NG12 1ED>0115 9333433"""""
0.0413,52.1023,"""Shepreth - Shepreth Mill SG8 6RA>01763 261310"""""
-1.0156,54.0794,"""Sheriff Hutton - York Meadows Caravan Park YO60 6QP>01347 878508"""""
-2.804,52.717,"""Shrewsbury - Oxon Hall Touring Park SY3 5FB>01743 340868"""""
-2.8398,52.7329,"""Shrewsbury - Severn House SY4 1ED>01743 850229"""""
-2.8621,52.6617,"""Shrewsbury - Spring Lea SY5 8HU>01743 860972"""""
-2.9426172,52.753871,"""Shrewsbury - The Grove SY4 1BT>01743 741458"""""
-2.9668,52.6989,"""Shrewsbury - Wigmore Lakes SY5 9DU>07870 645471"""""
-3.1728,50.7104,"""Sidmouth - Kings Down Tail EX10 0PD>01297 680313"""""
-3.1798,50.7058,"""Sidmouth - Oakdown Touring & Holiday Home Park EX10 0PT>01297 680387"""""
-3.205,50.6956,"""Sidmouth - Salcombe Regis Camping & Caravan Park EX10 0JH>01395 514303"""""
-3.3703,54.8828,"""Silloth - Seacote Caravan Park CA7 4QJ>01697 331121"""""
-3.3898,54.861,"""Silloth - Stanwix Park Holiday Centre CA7 4HH>016973 32666"""""
-3.3557,54.8668,"""Silloth - Tanglewood Caravan Park CA7 4PE>01697 331253"""""
-2.836,54.1762,"""Silverdale - Holgates Caravan Park LA5 0SH>01524 701508"""""
-2.8398,54.1821,"""Silverdale - Hollins Farm LA5 0SL>01524 701508"""""
-2.0057,50.9555,"""Sixpenny Handley - The Bungalow SP5 5ND>01725 552563"""""
0.218804,53.162441,"""Skegness - Birdsong Touring Park PE24 5DW>01754 811450"""""
-0.216,53.982,"""Skipsea - Mill Farm Country Park YO25 8SS>01262 468211"""""
-2.0991,53.9881,"""Skipton - Eshton Road Caravan Site BD23 3PN>01756 749229"""""
-2.0229,54.0412,"""Skipton - Threaplands House Farm BD23 6LD>01756 730248"""""
-0.4764,53.0156,"""Sleaford - Heath Farm NG34 8QR>01529 488409"""""
-0.4111,52.8862,"""Sleaford - Low Farm Touring & Camping Park NG34 0SJ>01529 497322"""""
-6.173,57.2914,"""Sligachan - Sligachan Camp & Caravan Site IV47 8SW>07786 435294"""""
-2.3939,51.7345,"""Slimbridge - Tudor Caravan Park GL2 7BP>01453 890483"""""
-0.9278,54.1641,"""Slingsby - Robin Hood Caravan & Camping Park YO62 4AP>01653 628391"""""
-3.8241,51.0285,"""South Molton - Riverside Caravan & Camping Park EX36 3HQ>01769 579269"""""
-1.3114,52.2556,"""Southam - Wigrams Turn Marina Caravan Site CV47 8NL>01926 817175"""""
-1.2825,50.8508,"""Southampton - Dibles Park Company Ltd SO31 9SA>01489 575232"""""
-3.0433,53.5925,"""Southport - Willowbank Holiday Home & Touring Park PR8 3ST>01704 571566"""""
-1.0145,53.0869,"""Southwell - New Hall Farm NG22 8BS>01623 883041"""""
-1.3298,54.2173,"""Sowerby - Sowerby Caravan Park YO7 3AG>01845 522753"""""
-0.0348,52.7915,"""Spalding - Hagbeach Manor Caravan Park PE12 6RT>01406 373378"""""
-0.4868,53.3565,"""Spridlington - Manor Farm LN8 2DB>01673 878258"""""
-5.2234,50.3055,"""St Agnes - Beacon Cottage Farm Touring Park TR5 0NU>01872 552347"""""
-5.1867,50.3245,"""St Agnes - Blue Hills Touring Park TR5 0XP>01872 552999"""""
-5.2005,50.2998,"""St Agnes - Presingoll Farm Caravan & Camping Park TR5 0PB>01872 552333"""""
-5.1667,50.2774,"""St Agnes - Trevarth Holiday Park TR4 8HR>01872 560266"""""
-5.1887,50.3222,"""St Agnes - Trevellas Manor Farm Campsite TR5 0XP>01872 552238"""""
-2.8374,56.3245,"""St Andrews - Craigtoun Meadows Holiday Park KY16 8PQ>01334 475959"""""
-2.7731,56.3287,"""St Andrews - St Andrews Holiday Park KY16 8PX>01334 474250"""""
-3.359,53.281,"""St Asaph - Penisar Mynydd LL17 0TY>01745 582227"""""
-4.7274,50.3533,"""St Austell - Doubletrees Farm PL24 2EH>01726 812266"""""
-4.8565,50.3007,"""St Austell - Meadow Lakes PL26 7JG>01726 882540"""""
-4.7986,50.3192,"""St Austell - River Valley Holiday Park PL26 7AP>01726 73533"""""
-4.8592398,50.340888,"""St Austell - Tremarne PL26 7SU>07948 191590"""""
-4.7994,50.2373,"""St Austell - Treveague Farm Campsite PL26 6NY>01726 843467"""""
-4.9261,50.4097,"""St Columb - Piggies TR9 6HU>07731 569293"""""
-4.9274,50.4094,"""St Columb - Springfield Fun Park TR9 6HU>01637 881224"""""
-4.9439,50.4434,"""St Columb - Trewan Hall TR9 6DB>01637 880261"""""
-2.3715,56.7798,"""St Cyrus - Miltonhaven Seaside Caravan Park DD10 0DL>01674 850413"""""
-5.2587,51.8717,"""St Davids - Caerfai Bay Caravan and Tent Park SA62 6QT>01437 720274"""""
-5.2789,51.8702,"""St Davids - Porthclais Farm Campsite SA62 6RR>07970 439310"""""
-2.7882,53.5163,"""St Helens - Bridge Farm WA11 7JT>01744 882524"""""
-5.4877,50.2115,"""St Ives  - Ayr Holiday Park TR26 1EJ>01736 795855"""""
-5.5081,50.1839,"""St Ives  - Higher Penderleath Caravan & Camping Park TR26 3AF>01736 798403"""""
-5.4865,50.1962,"""St Ives  - Polmanter Tourist Park TR26 3LX>01736 795640"""""
-5.5181,50.2061,"""St Ives  - Trevalgan Touring Park TR26 3BJ>01736 791892"""""
-1.8523,50.8223,"""St Leonards - Shamba Holidays BH24 2SB>01202 873302"""""
-5.0026,50.19,"""St Mawes - Trethem Mill Touring Park TR2 5JF>01872 580504"""""
-5.0237,50.5007,"""St Merryn - Atlantic View Caravan & Camping PL27 7UT>01841 520431"""""
-5.0161,50.5153,"""St Merryn - Carnevas Farm Holiday Park PL28 8PN>01841 520230"""""
-2.7561,56.2074,"""St Monans - St Monans Holiday Park KY10 2DN>01333 730778"""""
-6.1941,57.6217,"""Staffin - Staffin Caravan & Camping IV51 9JX>01470 562213"""""
-2.123,52.7547,"""Stafford - Dunston Heath Farm ST18 9AQ>07785 535730"""""
-1.4351,51.7374,"""Standlake - Hardwick Parks OX29 7PZ>01865 300501"""""
-0.3351,50.8834,"""Steyning - The White House BN44 3LR>01903 813737"""""
0.9262,52.9529,"""Stiffkey - Stiffkey Campsite NR23 1QF>01328 830235"""""
-1.0948,53.8778,"""Stillingfleet - Home Farm Caravan & Camping YO19 6HN>01904 728263"""""
-1.0894,53.8786,"""Stillingfleet - The Bungalow Caravan Site YO19 6HN>01904 720146"""""
-3.8964,56.1494,"""Stirling - Witches Craig Caravan & Camping Park FK9 5PX>01786 474947"""""
-3.6087,50.4074,"""Stoke Gabriel - Higher Well Farm Holiday Park TQ9 6RN>01803 782289"""""
0.38999205,51.02244,"""Stonegate (East Sussex) - Cairds Camping and Caravan Site TN5 7DU>07765 363546"""""
-2.5897,57.0224,"""Strachan - Feughside Caravan Park AB31 6NT>01330 850669"""""
-5.0027,54.902,"""Stranraer - Aird Donald Caravan Site DG9 8RN>01776 702025"""""
-5.07,54.9453,"""Stranraer - Wig Bay Holiday Park DG9 0PS>01776 853233"""""
-1.7543,52.1809,"""Stratford upon Avon - Dodwell Park CV37 9SR>01789 204957"""""
-1.6182,52.1877,"""Stratford upon Avon - Newlands Caravan Park CV35 9EN>01789 841096"""""
-1.6795,52.2005,"""Stratford upon Avon - Riverside Caravan Park CV37 7AB>01789 292312"""""
-5.5675,56.6969,"""Strontian - Sunart Camping PH36 4HZ>01967 402080"""""
0.2806,53.2904,"""Sutton-on-Sea - Country Meadow Caravan & Camp Park LN12 2RU>01507 441248"""""
0.2857,53.2732,"""Sutton-on-Sea - Jolly Common Caravan Park LN13 9RW>01507 490236"""""
0.279,53.2886,"""Sutton-on-Sea - South Farm LN12 2RU>01507 443746"""""
-2.011,50.6061,"""Swanage - Acton Field Camping Site BH19 3HR>01929 439424"""""
-2.024,50.6119,"""Swanage - Primrose Hill Farm BH19 3EE>07553 522018"""""
-2.659,51.8394,"""Symonds Yat - Doward Park Camp Site HR9 6BP>01600 890438"""""
-0.2182,53.0948,"""Tattershall - Holly Farm Country Park LN4 4JP>01526 342385"""""
-0.2067,53.1189,"""Tattershall - Willow Holt Caravan & Camping Park LN4 4JS>01526 343111"""""
-3.0261,50.9959,"""Taunton - Ashe Farm Caravan & Campsite TA3 5NW>01823 443764"""""
-4.082,50.5447,"""Tavistock - Langstone Manor Caravan & Camping Park PL19 9JZ>01822 613371"""""
-5.6194,56.0273,"""Tayvallich - Tayvallich Camping Site PA31 8PL>01546 870206"""""
-2.5159,52.6275,"""Telford - Poolview Caravan Park TF8  7BS>01952 433182"""""
-2.3671976,50.982658,"""Templecombe - Henstridge Golf & Leisure BA8 0TG>01963 362789"""""
-4.7102,51.6913,"""Tenby - Well Park Caravans SA70 8TL>01834 842179"""""
-4.7082,51.6835,"""Tenby - Windmills Camping Park SA70 8TT>01834 842200"""""
-4.7131,51.6921,"""Tenby - Wood Park Caravans SA70 8TL>01834 843414"""""
-2.1297,52.0165,"""Tewkesbury - Croft Farm Water Park GL20 7EE>01684 772321"""""
-0.9919,51.738,"""Thame - The Dairy OX9 2HX>01844 214075"""""
-1.8736,50.8448,"""Three Legged Cross - Gundrys Farm Caravan & Camping BH21 6RU>01202 826322"""""
-1.8594,50.8457,"""Three Legged Cross - Woolsbridge Manor Farm Caravan Park BH21 6RA>01202 826369"""""
-2.0397,54.0726,"""Threshfield - Wood Nook Caravan Park BD23 5NU>01756 752412"""""
-4.7511,50.6649,"""Tintagel - The Headland Caravan & Camping Park PL34 0DE>01840 770239"""""
-3.3632,50.9241,"""Tiverton - Minnows Touring Park EX16 7EN>01884 821770"""""
-3.6715,50.9111,"""Tiverton - West Middlewick Farm EX16 8NP>01884 861235"""""
0.4789,51.1612,"""Tonbridge - Tanner Farm Park TN12 9ND>01622 832399"""""
-3.5867,50.4653,"""Torquay - Widdicombe Farm Touring Park TQ3 1ST>01803 558325"""""
-4.1559,50.9248,"""Torrington - Smytham Manor EX38 8PU>01805 622110"""""
-2.2847,55.5467,"""Town Yetholm - Kirkfield Caravan Park TD5 8SA>01573 420346"""""
-4.6125,53.2683,"""Trearddur Bay - Tyn-Rhos Camping Site LL65 2AX>01407 860369"""""
-4.4009,52.9993,"""Trefor - Parsal Farm LL54 5PS>01286 660222"""""
-4.0535796,52.246651,"""Tregaron - Penuwch Inn SY25 6RA>07410 381741"""""
-2.9559,54.6315,"""Troutbeck - Gill Head Farm CA11 0ST>01768 779953"""""
-5.1692,50.2503,"""Truro - Chacewater Caravan Park TR4 8LY>01209 820762"""""
-5.0861,50.2894,"""Truro - Summer Valley Touring Park TR4 9DW>07933 212643"""""
-4.6043,52.9114,"""Tudweiliog - Hirdre Fawr Farm LL53 8YY>01758 770309"""""
-0.8792,53.2359,"""Tuxford - Greenacres Caravan Park NG22 0JN>01777 870264"""""
-4.0452,52.6005,"""Tywyn - Tynllwyn Caravan & Camping Park LL36 9RD>01654 710370"""""
-6.3793,57.5866,"""Uig - Uig Bay Camp & Caravan Site IV51 9XU>01470 542714"""""
-5.1608,57.8953,"""Ullapool - Broomfield Holiday Park IV26 2UT>01854 612020"""""
-2.8731,54.5989,"""Ullswater - Ullswater Holiday Park CA11 0LR>01768 486666"""""
-2.946,51.7466,"""Usk(Abergavenny) - Pont Kemys Caravan Park NP7 9DS>01873 880688"""""
-4.5173,53.2829,"""Valley - Bodowyr Farm Caravan Park LL65 3SS>01407 741171"""""
-4.8816,50.507,"""Wadebridge - The Laurels Holiday Park PL27 7JQ>01209 313474"""""
-1.5128,53.6519,"""Wakefield - Broadlands Farm WF4 3BJ>01924 255500"""""
-1.628,53.6262,"""Wakefield - Highfield House WF4 4AQ>01924 840124"""""
-1.4222,53.6368,"""Wakefield - Wintersett Lakes WF4 2EB>07901 880095"""""
1.3871,51.1987,"""Walmer - Clifford Park Caravans CT14 7PB>01304 373373"""""
-0.1265,53.4854,"""Waltham - Willow Lakes (Ashby Hill Top Farm) DN37 0RU>07754 842486"""""
-2.1459,50.7144,"""Wareham - Birchwood Tourist Park BH20 7PA>01929 554763"""""
-2.0863,50.6793,"""Wareham - Ridge Farm Camping & Caravan Park BH20 5BG>07816 604153"""""
-2.1502,50.7207,"""Wareham - Wareham Forest Tourist Park BH20 7NZ>01929 551393"""""
-1.6816,52.3219,"""Warwick - Mousley House Farm Campsite & Glamping CV35 7JG>07443 475434"""""
-3.3621,51.1796,"""Watchet - Warren Farm TA23 0JP>01984 631220"""""
0.7765,52.6024,"""Watton - Brick Kiln Farm Caravan & Camping Park IP25 7BT>01760 441300"""""
0.872,52.6237,"""Watton - Spring Farm IP25 7PL>01362 822109"""""
-2.67,51.209,"""Wells - Wells Touring Park BA5 1AJ>01749 676869"""""
-2.8208,52.9057,"""Welshampton - Hampton Bank Farm Caravan Park SY12 0PX>01948 710329"""""
-3.0435,52.7025,"""Welshpool - Bank Farm Caravans SY21 8EJ>01938 570526"""""
-1.0891,51.0068,"""West Meon - Brocklands Farm Caravan Site GU32 1JN>01730 829325"""""
1.2374,52.9417,"""West Runton - Beeston Regis Holiday Park NR27 9QZ>01263 823614"""""
-2.9555,51.3761,"""Weston-super-Mare - Country View Caravan Park BS22 9UJ>01934 627595"""""
-2.914,51.3836,"""Weston-super-Mare - Cypress Farm BS22 7YR>01934 515768"""""
-2.957,51.3787,"""Weston-super-Mare - Sand Farm BS22 9UF>01934 620995"""""
-2.8728,51.3326,"""Weston-super-Mare - Stonebridge Farm Caravan Park BS29 6DR>07780 189042"""""
-2.9289,51.3349,"""Weston-super-Mare - West End Farm Camping & Caravan Park BS24 8RH>01934 822529"""""
1.1515,52.9287,"""Weybourne - Kelling Heath Holiday Park NR25 7HW>01263 588181"""""
-2.5331,50.6314,"""Weymouth - Bagwell Farm Touring Park DT3 4EA>01305 782575"""""
-2.4977,50.6253,"""Weymouth - Blagdon Fruit Farm DT3 4BG>01305 785991"""""
-2.4847,50.5965,"""Weymouth - Pebble Bank Caravan Park DT4 9HF>01305 774844"""""
-2.5288,50.6233,"""Weymouth - Sea Barn Farm Camping Park DT3 4ED>01305 782218"""""
-2.4879,50.6352,"""Weymouth - South Buckland Farm DT3 4BQ>01305 812135"""""
-2.5302,50.6269,"""Weymouth - West Fleet Holiday Farm DT3 4EF>01305 782218"""""
-3.8497,50.7052,"""Whiddon Down - Woodland Springs Adult Touring Park EX6 6PG>01647 231695"""""
-3.6396,55.8646,"""Whitburn - Moss Hall Caravan Park EH47 7DB>01501 762318"""""
-0.7333,54.4606,"""Whitby - Ladycross Plantation YO21 1UA>01947 895502"""""
-0.5432,54.427,"""Whitby - Middlewood Farm Holiday Park YO22 4UF>01947 880414"""""
-0.6428,54.492,"""Whitby - Sandfield House Farm Caravan Park YO21 3SR>01947 602660"""""
-2.6901,53.0008,"""Whitchurch - Sunny Oak Caravan Park SY13 4JJ>01948 664936"""""
-3.1051,58.4447,"""Wick(Highlands) - Wick Caravan & Camping Site KW1 5SP>01955 605420"""""
-2.725,53.6189,"""Wigan - Charity Farm Caravan Park WN6 9PP>01257 451326"""""
-3.1033695,54.78185,"""Wigton - Wallace Lane Farm CA7 8DL>01697 478188"""""
-3.2734,51.1797,"""Williton - St Audries Bay Holiday Club TA4  4DY>01984 632515"""""
-2.9468,54.3044,"""Windermere - Hill of Oaks Caravan & Lodge Park LA12 8NR>01539 531578"""""
-2.9362,54.3117,"""Windermere - Park Cliffe Caravan & Camping Estate LA23 3PG>01539 531344"""""
-2.5973,53.1974,"""Winsford - Elm Cottage CW7 2QJ>01829 760544"""""
-1.5209,53.0667,"""Wirksworth - Packhorse Caravan Park DE56 2RD>01773 852367"""""
0.1518,52.6354,"""Wisbech - Little Ranch Leisure PE14 0AZ>01945 860066"""""
-0.0199,53.766,"""Withernsea - Sand Le Mere Caravan Park HU12 0JF>01964 670403"""""
-1.8757,54.7295,"""Wolsingham - The Paddock at Robsons DL13 3HU>01388 527242"""""
-1.3738,52.4757,"""Wolvey - 5 Ways Lakes LE10 3HF>01455 882961"""""
-1.3712,52.478,"""Wolvey - Wolvey Caravan Park LE10 3HF>01455 220493"""""
1.3173,52.0553,"""Woodbridge  - Low Farm IP12 4QU>01473 736475"""""
1.4273,52.0441,"""Woodbridge  - Run Cottage Touring Park IP12 3RQ>01394 411309"""""
-0.2231,53.156,"""Woodhall Spa - Petwood Caravan Park LN10 6QH>01526 354799"""""
-0.2214,53.1622,"""Woodhall Spa - Woodhall Country Park LN10 6UJ>01526 353710"""""
-2.2265,50.681,"""Wool - Whitemead Caravan Park BH20 6HG>01929 462241"""""
-4.1968,51.1876,"""Woolacombe - Easewell Farm Holiday Village EX34 7EH>01271 872373"""""
-4.1719,51.1772,"""Woolacombe - Golden Coast Holiday Village EX34 7HW>01271 872373"""""
-4.1965,51.1831,"""Woolacombe - Twitchen House Holiday Village EX34 7ES>01271 872373"""""
-4.1793,51.1807,"""Woolacombe - Warcombe Farm Camping Park EX34 7EJ>01271 870690"""""
-4.190591,51.171649,"""Woolacombe - Woolacombe Sands EX34 7AF>01271 870569"""""
-2.0254,55.5475,"""Wooler - Highburn House Caravan & Camping Park NE71 6EE>01668 281344"""""
-2.2962,52.2896,"""Worcester - Brant Farm Caravan Park WR6  6TD>01905 621008"""""
-2.0234,52.2126,"""Worcester - Church Meadows WR7 4JX>01386 793131"""""
-1.5023,53.5125,"""Worsbrough - Greensprings Touring Park S75 3DS>01226 288298"""""
-2.8612,52.9908,"""Wrexham - Emral Gardens Caravan Park LL13 0BG>01948 770401"""""
-3.0263,53.1073,"""Wrexham - New Farm Caravan Park & Holiday Bungalow LL12 9EE>01978 760443"""""
-2.9702,53.0016,"""Wrexham - Plassey Holiday Park LL13 0SP>01978 780277"""""
-1.3469,54.4942,"""Yarm - Field View Bed & Breakfast Campsite TS15 9EH>01642 788554"""""
-1.4181,50.6878,"""Yarmouth - The Orchards PO41 0TS>01983 531331"""""
-1.1414,53.9806,"""York - Cherry Tree Cottage YO26 6NX>01904 784306"""""
-1.1373067,53.998185,"""York - Grantchester Caravan and Camping YO30 1YJ>07472 694380"""""
-1.146469,53.9363,"""York - Nurseries Caravan Park YO23 3QY>01904 797427"""""
-1.0308,53.9821,"""York - York Caravan Park YO32 9UB>01904 424222"""""
-1.6874,53.1643,"""Youlgreave - Hopping Farm Caravan park DE45 1NA>01629 636302"""""
-4.1578,52.1848,"""Ystrad Aeron - Hafod Brynog Caravan Park SA48 8AE>01570 470084"""""